Name,City,Interest,Profession,Skill,Company,Education,Hobby,Language
Aditya Verma,Hyderabad,Coding,Entrepreneur,Machine Learning,Amazon,MBA,Chess,English
Kunal Gupta,Bangalore,Coding,Doctor,Stock Trading,Flipkart,B.Tech,Cricket,English
Rohan Gupta,Bangalore,Finance,Doctor,Machine Learning,Google,B.Tech,Chess,Telugu
Arjun Mishra,Chennai,Music,Student,Python,None,B.Sc,Football,Hindi
Aarav Desai,Hyderabad,ML,Engineer,Python,Flipkart,B.Sc,Chess,Telugu
Dev Reddy,Hyderabad,Blockchain,Doctor,Data Analysis,Startup,MBA,Traveling,Kannada
Rohan Singh,Hyderabad,AI,Student,Cloud,None,B.Tech,Chess,Hindi
Kunal Iyer,Pune,ML,Student,Python,None,MBA,Cricket,Kannada
Sara Verma,Bangalore,Sports,Entrepreneur,Stock Trading,TCS,MBA,Reading,Marathi
Vivaan Malhotra,Chennai,AI,Trader,Python,Infosys,B.Sc,Football,Marathi
Aarav Verma,Chennai,Gaming,Trader,Machine Learning,Startup,M.Tech,Reading,Hindi
Ananya Chopra,Mumbai,Sports,Trader,C++,TCS,B.Tech,Traveling,Marathi
Meera Kulkarni,Pune,Blockchain,Entrepreneur,Python,Flipkart,B.Com,Traveling,Hindi
Aditya Mishra,Mumbai,Blockchain,Engineer,Data Analysis,Startup,MBA,Traveling,English
Arjun Bansal,Chennai,Music,Engineer,C++,Flipkart,B.Tech,Photography,Telugu
Aryan Kulkarni,Hyderabad,Music,Engineer,Java,Microsoft,PhD,Cricket,Kannada
Myra Agarwal,Pune,Blockchain,Doctor,Python,Flipkart,M.Tech,Reading,Tamil
Kunal Patel,Delhi,Finance,Student,Machine Learning,None,PhD,Photography,Telugu
Dev Malhotra,Pune,ML,Trader,Stock Trading,Google,B.Com,Football,Kannada
Aarav Gupta,Hyderabad,AI,Engineer,Stock Trading,Google,MBA,Chess,Hindi
Dev Gupta,Bangalore,Blockchain,Engineer,C++,Amazon,MBA,Football,English
Sai Malhotra,Delhi,Music,Designer,Machine Learning,TCS,PhD,Photography,Marathi
Diya Gupta,Mumbai,Sports,Doctor,Java,TCS,MBA,Cricket,Kannada
Pooja Reddy,Delhi,Finance,Doctor,UI/UX,Flipkart,B.Sc,Reading,Telugu
Arjun Iyer,Mumbai,ML,Doctor,Data Analysis,Startup,M.Tech,Cricket,Marathi
Sneha Nair,Delhi,Blockchain,Trader,Data Analysis,Infosys,B.Sc,Football,Hindi
Krishna Iyer,Hyderabad,ML,Doctor,Data Analysis,Flipkart,MBA,Traveling,Tamil
Arjun Gupta,Pune,ML,Designer,C++,Flipkart,PhD,Reading,Marathi
Vihaan Verma,Bangalore,ML,Student,UI/UX,None,B.Sc,Football,Kannada
Sara Joshi,Delhi,Blockchain,Entrepreneur,UI/UX,Amazon,B.Com,Photography,Telugu
Meera Mehta,Pune,Finance,Trader,Java,Infosys,B.Sc,Cricket,Tamil
Meera Verma,Delhi,AI,Trader,Cloud,TCS,B.Tech,Cricket,Marathi
Arjun Desai,Hyderabad,AI,Student,Data Analysis,None,B.Tech,Cricket,Telugu
Tara Kapoor,Mumbai,Gaming,Entrepreneur,Marketing,Microsoft,MBA,Chess,English
Rohan Singh,Bangalore,Sports,Engineer,C++,Infosys,PhD,Chess,Hindi
Arjun Chopra,Pune,Finance,Trader,Cloud,Amazon,B.Sc,Traveling,Marathi
Riya Saxena,Hyderabad,AI,Doctor,Python,Flipkart,B.Sc,Reading,Tamil
Vivaan Desai,Pune,Blockchain,Entrepreneur,Cloud,Amazon,B.Sc,Cricket,Marathi
Kabir Kulkarni,Delhi,ML,Doctor,Machine Learning,Google,B.Com,Reading,Marathi
Diya Verma,Hyderabad,Gaming,Doctor,Python,TCS,B.Tech,Reading,Kannada
Aarav Verma,Hyderabad,Sports,Doctor,C++,Flipkart,B.Sc,Football,Hindi
Pooja Joshi,Chennai,Music,Trader,Java,Amazon,MBA,Traveling,Tamil
Myra Sharma,Bangalore,Sports,Designer,UI/UX,Flipkart,B.Tech,Traveling,Tamil
Vivaan Iyer,Chennai,Blockchain,Designer,Python,Amazon,M.Tech,Cricket,Hindi
Krishna Nair,Pune,Music,Doctor,Marketing,Infosys,B.Com,Reading,Tamil
Dev Mishra,Chennai,Blockchain,Engineer,UI/UX,Startup,M.Tech,Cricket,Hindi
Sai Iyer,Delhi,Gaming,Student,Marketing,None,MBA,Cricket,Hindi
Diya Gupta,Delhi,Finance,Engineer,Marketing,Google,B.Sc,Chess,Marathi
Riya Reddy,Pune,Music,Engineer,UI/UX,Amazon,B.Tech,Chess,Marathi
Anika Bansal,Pune,Gaming,Trader,C++,Microsoft,B.Com,Cricket,Telugu
Arjun Desai,Delhi,AI,Entrepreneur,Data Analysis,Microsoft,M.Tech,Reading,Telugu
Sara Bansal,Delhi,AI,Doctor,Stock Trading,Flipkart,M.Tech,Chess,Kannada
Vivaan Kulkarni,Delhi,AI,Engineer,Python,Google,B.Tech,Photography,Kannada
Ananya Iyer,Mumbai,AI,Engineer,Python,Amazon,B.Sc,Reading,Tamil
Sara Mehta,Pune,ML,Student,UI/UX,None,M.Tech,Football,Tamil
Meera Nair,Mumbai,Blockchain,Doctor,Java,Amazon,B.Tech,Photography,English
Tara Singh,Hyderabad,Music,Entrepreneur,Python,Infosys,MBA,Chess,Tamil
Diya Chopra,Delhi,Coding,Engineer,Data Analysis,Google,PhD,Reading,Telugu
Aarav Saxena,Pune,Music,Engineer,Machine Learning,Infosys,B.Sc,Chess,Kannada
Aadhya Agarwal,Chennai,AI,Student,C++,None,MBA,Reading,Tamil
Ishaan Verma,Mumbai,AI,Student,C++,None,B.Tech,Photography,Hindi
Anika Kapoor,Delhi,Sports,Trader,Java,Amazon,PhD,Reading,English
Ira Kulkarni,Delhi,Sports,Entrepreneur,UI/UX,TCS,M.Tech,Football,Kannada
Aditya Malhotra,Hyderabad,Sports,Entrepreneur,Python,Google,B.Com,Photography,Telugu
Ishaan Iyer,Chennai,AI,Engineer,Java,Google,MBA,Cricket,Kannada
Vivaan Kapoor,Hyderabad,Gaming,Entrepreneur,Machine Learning,Flipkart,B.Tech,Traveling,Kannada
Krishna Chopra,Hyderabad,Coding,Entrepreneur,UI/UX,Startup,MBA,Chess,Hindi
Sneha Desai,Delhi,Music,Trader,Machine Learning,Microsoft,PhD,Chess,Kannada
Sara Singh,Chennai,Gaming,Engineer,Java,Microsoft,M.Tech,Football,Marathi
Aarav Kapoor,Bangalore,Music,Student,Data Analysis,None,B.Com,Football,English
Tara Sharma,Pune,Blockchain,Designer,Cloud,Startup,PhD,Chess,Telugu
Arjun Chopra,Pune,Blockchain,Engineer,Python,Startup,B.Sc,Cricket,Tamil
Myra Verma,Bangalore,Blockchain,Trader,Data Analysis,Microsoft,B.Tech,Cricket,Tamil
Dev Singh,Hyderabad,Music,Doctor,Data Analysis,Google,B.Sc,Photography,Hindi
Aryan Saxena,Bangalore,Blockchain,Designer,Cloud,TCS,PhD,Traveling,Telugu
Sara Sharma,Bangalore,Blockchain,Engineer,Marketing,Infosys,MBA,Photography,Kannada
Rohan Patel,Pune,Gaming,Doctor,Machine Learning,Google,B.Sc,Reading,Hindi
Sara Kulkarni,Delhi,ML,Doctor,UI/UX,Amazon,B.Tech,Photography,Tamil
Dev Agarwal,Bangalore,Coding,Trader,Stock Trading,Startup,MBA,Football,Hindi
Aryan Mehta,Hyderabad,Finance,Trader,C++,Startup,M.Tech,Cricket,English
Sai Saxena,Hyderabad,Coding,Engineer,Data Analysis,Flipkart,B.Sc,Chess,English
Sneha Saxena,Delhi,Coding,Entrepreneur,UI/UX,TCS,B.Tech,Photography,Marathi
Ananya Agarwal,Hyderabad,Music,Doctor,Python,Google,MBA,Cricket,Marathi
Dev Chopra,Bangalore,ML,Student,Cloud,None,PhD,Reading,English
Diya Mishra,Bangalore,AI,Doctor,Python,Infosys,M.Tech,Photography,Tamil
Aadhya Reddy,Hyderabad,Gaming,Student,Marketing,None,M.Tech,Reading,Tamil
Sara Singh,Hyderabad,Coding,Trader,Stock Trading,Startup,B.Tech,Football,Kannada
Sara Sharma,Delhi,Music,Entrepreneur,Cloud,TCS,B.Tech,Reading,Telugu
Vivaan Malhotra,Hyderabad,Sports,Student,Stock Trading,None,M.Tech,Photography,Marathi
Sai Bansal,Pune,Coding,Student,Java,None,MBA,Photography,Kannada
Myra Kulkarni,Mumbai,Music,Engineer,Cloud,Microsoft,MBA,Football,Kannada
Kunal Bansal,Chennai,Music,Student,Machine Learning,None,PhD,Reading,English
Aarav Verma,Pune,ML,Entrepreneur,C++,Amazon,B.Com,Football,Hindi
Ishaan Sharma,Bangalore,Gaming,Trader,Stock Trading,Google,MBA,Cricket,Telugu
Rohan Kapoor,Bangalore,Sports,Student,UI/UX,None,PhD,Reading,Telugu
Sara Sharma,Pune,Music,Student,Machine Learning,None,B.Sc,Cricket,English
Vivaan Gupta,Mumbai,Finance,Engineer,Stock Trading,Infosys,PhD,Football,Hindi
Krishna Joshi,Pune,Blockchain,Entrepreneur,Data Analysis,Google,B.Com,Reading,Telugu
Ananya Verma,Pune,Gaming,Entrepreneur,Cloud,TCS,B.Sc,Chess,Kannada
Aryan Joshi,Bangalore,Coding,Designer,Stock Trading,Startup,PhD,Photography,Marathi
Meera Verma,Chennai,Sports,Student,C++,None,PhD,Cricket,Telugu
Aryan Desai,Bangalore,Finance,Doctor,Data Analysis,Amazon,M.Tech,Photography,English
Sneha Saxena,Pune,ML,Student,Stock Trading,None,M.Tech,Photography,Marathi
Kabir Kapoor,Pune,Finance,Trader,Marketing,Google,B.Sc,Chess,Kannada
Aadhya Iyer,Bangalore,Sports,Engineer,Marketing,TCS,B.Tech,Photography,Telugu
Arjun Singh,Mumbai,Coding,Entrepreneur,C++,TCS,B.Com,Cricket,Kannada
Aryan Mishra,Hyderabad,Music,Entrepreneur,C++,Infosys,B.Com,Cricket,Telugu
Aryan Reddy,Chennai,Blockchain,Entrepreneur,Data Analysis,Infosys,MBA,Cricket,Marathi
Ishaan Kulkarni,Chennai,Finance,Entrepreneur,Python,Google,PhD,Cricket,Hindi
Pooja Chopra,Hyderabad,Coding,Trader,UI/UX,Infosys,PhD,Football,Marathi
Anika Chopra,Chennai,ML,Student,UI/UX,None,MBA,Traveling,Marathi
Kabir Kulkarni,Bangalore,Sports,Doctor,UI/UX,Amazon,MBA,Traveling,Hindi
Rohan Verma,Delhi,Music,Student,Stock Trading,None,B.Com,Traveling,English
Vihaan Iyer,Hyderabad,Blockchain,Designer,Machine Learning,Google,PhD,Photography,Tamil
Anika Kapoor,Pune,ML,Trader,Python,Microsoft,B.Com,Photography,Kannada
Diya Kulkarni,Bangalore,AI,Doctor,Stock Trading,Flipkart,B.Com,Reading,Tamil
Vivaan Chopra,Mumbai,Coding,Doctor,UI/UX,TCS,MBA,Reading,Telugu
Vihaan Iyer,Bangalore,Blockchain,Entrepreneur,Data Analysis,Google,B.Com,Cricket,English
Aadhya Saxena,Bangalore,Finance,Doctor,Machine Learning,Flipkart,MBA,Football,Marathi
Kabir Kapoor,Hyderabad,ML,Entrepreneur,Marketing,Amazon,B.Sc,Traveling,Telugu
Sara Singh,Pune,ML,Student,Cloud,None,B.Sc,Football,Hindi
Aditya Kapoor,Chennai,Finance,Designer,UI/UX,Amazon,B.Sc,Chess,English
Sai Agarwal,Delhi,Finance,Engineer,C++,Microsoft,B.Sc,Reading,Tamil
Tara Mishra,Pune,Finance,Designer,Cloud,Startup,MBA,Traveling,Marathi
Aarav Iyer,Hyderabad,AI,Trader,Machine Learning,Google,B.Tech,Photography,Telugu
Sara Mehta,Mumbai,Sports,Designer,UI/UX,TCS,PhD,Cricket,English
Aadhya Bansal,Chennai,Music,Designer,UI/UX,Microsoft,M.Tech,Reading,English
Pooja Verma,Chennai,Music,Doctor,Marketing,Amazon,M.Tech,Football,Marathi
Riya Kulkarni,Hyderabad,Finance,Trader,Cloud,TCS,B.Sc,Photography,Telugu
Vihaan Singh,Hyderabad,Coding,Trader,Stock Trading,Microsoft,M.Tech,Chess,Kannada
Ishaan Malhotra,Mumbai,Sports,Entrepreneur,Stock Trading,Infosys,B.Tech,Photography,Tamil
Rohan Kulkarni,Chennai,Music,Designer,Stock Trading,Flipkart,B.Com,Cricket,Kannada
Sai Nair,Bangalore,AI,Designer,UI/UX,Microsoft,B.Tech,Reading,Marathi
Ananya Mehta,Delhi,Sports,Doctor,C++,Startup,MBA,Football,Tamil
Diya Iyer,Mumbai,Coding,Student,UI/UX,None,M.Tech,Cricket,Marathi
Kunal Patel,Delhi,Coding,Designer,Cloud,Google,B.Com,Traveling,English
Kabir Mishra,Bangalore,Sports,Doctor,Machine Learning,Microsoft,M.Tech,Chess,Marathi
Myra Chopra,Hyderabad,Gaming,Entrepreneur,Data Analysis,Flipkart,MBA,Reading,Telugu
Rohan Reddy,Bangalore,ML,Student,Cloud,None,B.Sc,Chess,Hindi
Meera Agarwal,Hyderabad,Gaming,Designer,Cloud,Infosys,B.Sc,Football,English
Dev Saxena,Hyderabad,Coding,Trader,Python,Google,B.Sc,Cricket,Kannada
Krishna Nair,Chennai,Finance,Entrepreneur,Python,Flipkart,B.Com,Football,Marathi
Aadhya Desai,Bangalore,Finance,Entrepreneur,C++,Microsoft,M.Tech,Cricket,Telugu
Ananya Saxena,Mumbai,Music,Trader,Java,Startup,B.Tech,Traveling,Marathi
Arjun Patel,Mumbai,Music,Entrepreneur,UI/UX,Microsoft,PhD,Traveling,Marathi
Ishaan Malhotra,Hyderabad,AI,Engineer,Java,Startup,MBA,Reading,Marathi
Ira Chopra,Hyderabad,ML,Entrepreneur,Machine Learning,Google,PhD,Reading,Kannada
Meera Mishra,Bangalore,Music,Designer,C++,Microsoft,PhD,Traveling,Telugu
Tara Joshi,Chennai,Music,Engineer,Java,Flipkart,MBA,Reading,Marathi
Pooja Saxena,Mumbai,Finance,Trader,Stock Trading,Amazon,B.Com,Reading,Kannada
Dev Gupta,Chennai,Coding,Trader,Python,TCS,B.Sc,Reading,Hindi
Krishna Singh,Bangalore,Finance,Doctor,Data Analysis,Startup,M.Tech,Chess,Hindi
Aarav Singh,Hyderabad,ML,Entrepreneur,Machine Learning,Google,MBA,Cricket,Tamil
Sneha Reddy,Bangalore,ML,Entrepreneur,Marketing,Google,B.Tech,Football,Kannada
Meera Kapoor,Mumbai,Coding,Trader,Python,Amazon,M.Tech,Football,English
Aditya Kulkarni,Hyderabad,Sports,Student,Marketing,None,B.Com,Traveling,Hindi
Sneha Kapoor,Pune,Finance,Engineer,Stock Trading,Google,M.Tech,Cricket,Kannada
Anika Singh,Mumbai,Coding,Doctor,Cloud,TCS,MBA,Reading,Kannada
Vivaan Bansal,Bangalore,AI,Entrepreneur,C++,TCS,B.Com,Reading,Tamil
Aryan Saxena,Bangalore,AI,Student,Cloud,None,PhD,Photography,Telugu
Pooja Agarwal,Bangalore,AI,Student,C++,None,B.Com,Photography,Telugu
Myra Chopra,Pune,Gaming,Trader,Marketing,Google,M.Tech,Photography,Telugu
Arjun Bansal,Chennai,Coding,Doctor,Java,TCS,M.Tech,Reading,Hindi
Aadhya Agarwal,Delhi,Gaming,Trader,Machine Learning,Infosys,PhD,Football,Hindi
Myra Mehta,Pune,Coding,Entrepreneur,C++,Amazon,B.Sc,Football,Hindi
Ira Mishra,Hyderabad,Finance,Engineer,Marketing,Microsoft,PhD,Chess,Tamil
Kabir Verma,Mumbai,ML,Doctor,Data Analysis,Amazon,B.Com,Traveling,Marathi
Tara Nair,Pune,AI,Designer,C++,Flipkart,B.Sc,Chess,Hindi
Vivaan Iyer,Chennai,Blockchain,Designer,Python,Flipkart,MBA,Cricket,English
Riya Kulkarni,Hyderabad,Sports,Entrepreneur,Java,Infosys,MBA,Cricket,Tamil
Ira Joshi,Hyderabad,AI,Trader,Marketing,Google,B.Tech,Cricket,Hindi
Vihaan Desai,Pune,Gaming,Engineer,Stock Trading,Google,M.Tech,Reading,Marathi
Aditya Mehta,Chennai,Sports,Doctor,Python,Microsoft,M.Tech,Football,Hindi
Sara Patel,Chennai,Finance,Student,Python,None,B.Sc,Photography,English
Aditya Gupta,Chennai,Music,Student,Cloud,None,B.Sc,Football,Kannada
Pooja Patel,Delhi,Gaming,Entrepreneur,Stock Trading,Flipkart,MBA,Cricket,Marathi
Tara Iyer,Bangalore,ML,Entrepreneur,Python,Google,B.Sc,Traveling,Hindi
Anika Saxena,Hyderabad,Sports,Engineer,Marketing,Infosys,B.Sc,Chess,Kannada
Diya Kapoor,Hyderabad,ML,Doctor,Machine Learning,Amazon,MBA,Cricket,Marathi
Aryan Patel,Delhi,Music,Trader,Marketing,Infosys,M.Tech,Traveling,Telugu
Anika Sharma,Hyderabad,ML,Designer,Java,Flipkart,M.Tech,Cricket,Marathi
Dev Bansal,Pune,Gaming,Student,Marketing,None,MBA,Football,Telugu
Aadhya Sharma,Hyderabad,Music,Engineer,Data Analysis,Google,B.Sc,Reading,Kannada
Kunal Kapoor,Mumbai,Blockchain,Trader,C++,Microsoft,B.Com,Football,Telugu
Aditya Mehta,Hyderabad,Gaming,Entrepreneur,UI/UX,Startup,PhD,Reading,English
Aditya Kapoor,Delhi,ML,Entrepreneur,Java,Amazon,MBA,Traveling,Marathi
Aditya Gupta,Delhi,Coding,Doctor,UI/UX,Microsoft,M.Tech,Football,Tamil
Krishna Verma,Mumbai,ML,Student,Python,None,PhD,Traveling,Hindi
Riya Verma,Hyderabad,Gaming,Entrepreneur,Stock Trading,TCS,PhD,Chess,English
Arjun Mehta,Bangalore,ML,Engineer,Data Analysis,Amazon,B.Sc,Football,Telugu
Krishna Mishra,Chennai,AI,Entrepreneur,Marketing,Flipkart,M.Tech,Traveling,Marathi
Anika Mishra,Chennai,AI,Trader,C++,Microsoft,MBA,Traveling,Telugu
Aditya Kapoor,Pune,Finance,Entrepreneur,Stock Trading,Amazon,PhD,Reading,Telugu
Anika Reddy,Mumbai,AI,Engineer,Data Analysis,Google,B.Tech,Chess,Tamil
Arjun Kapoor,Mumbai,Finance,Engineer,Stock Trading,Amazon,PhD,Chess,Kannada
Aarav Agarwal,Hyderabad,Music,Entrepreneur,Stock Trading,Infosys,MBA,Football,Tamil
Sneha Mehta,Hyderabad,Gaming,Entrepreneur,Python,Google,MBA,Traveling,Telugu
Ira Agarwal,Chennai,Blockchain,Entrepreneur,Data Analysis,Microsoft,B.Sc,Photography,English
Aadhya Agarwal,Delhi,Blockchain,Student,Cloud,None,B.Tech,Cricket,Marathi
Sara Gupta,Mumbai,Coding,Entrepreneur,Cloud,Microsoft,B.Tech,Cricket,Marathi
Arjun Bansal,Pune,Finance,Doctor,C++,Infosys,B.Sc,Chess,Telugu
Myra Chopra,Delhi,Music,Entrepreneur,UI/UX,Startup,PhD,Chess,Tamil
Arjun Sharma,Chennai,Blockchain,Student,Cloud,None,MBA,Reading,Hindi
Ananya Reddy,Delhi,Blockchain,Doctor,UI/UX,Microsoft,PhD,Photography,Hindi
Diya Malhotra,Mumbai,Blockchain,Entrepreneur,UI/UX,TCS,B.Sc,Cricket,English
Aryan Patel,Pune,Sports,Doctor,Java,Infosys,PhD,Football,Marathi
Sai Patel,Bangalore,Coding,Student,Marketing,None,B.Com,Chess,Marathi
Ira Bansal,Bangalore,AI,Designer,Stock Trading,Flipkart,B.Sc,Photography,Kannada
Kabir Verma,Pune,AI,Entrepreneur,Cloud,Infosys,PhD,Football,Tamil
Ananya Reddy,Bangalore,Gaming,Student,UI/UX,None,B.Tech,Football,English
Sneha Singh,Delhi,ML,Trader,Machine Learning,Flipkart,M.Tech,Football,Kannada
Kunal Saxena,Chennai,Sports,Engineer,Cloud,Microsoft,PhD,Chess,Marathi
Dev Bansal,Bangalore,Sports,Trader,Data Analysis,Startup,MBA,Photography,Kannada
Dev Reddy,Mumbai,Sports,Designer,UI/UX,Infosys,M.Tech,Cricket,English
Krishna Saxena,Mumbai,Sports,Doctor,Data Analysis,Amazon,B.Sc,Chess,Kannada
Kunal Saxena,Delhi,ML,Entrepreneur,Machine Learning,Google,MBA,Chess,Hindi
Ananya Gupta,Delhi,ML,Trader,Stock Trading,Infosys,B.Sc,Traveling,Tamil
Aditya Kapoor,Chennai,Blockchain,Designer,Marketing,Startup,M.Tech,Cricket,Kannada
Sai Patel,Mumbai,Gaming,Doctor,Cloud,Microsoft,PhD,Reading,Marathi
Aryan Iyer,Pune,Gaming,Student,Machine Learning,None,B.Com,Traveling,Telugu
Kabir Agarwal,Delhi,Coding,Trader,Java,Flipkart,B.Tech,Football,English
Rohan Mishra,Delhi,Music,Engineer,C++,Google,B.Com,Reading,Telugu
Riya Patel,Chennai,Music,Student,Data Analysis,None,M.Tech,Photography,Tamil
Vivaan Verma,Chennai,Music,Doctor,C++,Infosys,B.Tech,Football,Marathi
Meera Mehta,Bangalore,Gaming,Student,Python,None,B.Sc,Traveling,Kannada
Riya Desai,Pune,Music,Designer,C++,Microsoft,MBA,Photography,Kannada
Aadhya Kapoor,Delhi,Sports,Designer,Data Analysis,TCS,B.Com,Reading,Hindi
Krishna Gupta,Chennai,Finance,Designer,Cloud,Infosys,MBA,Cricket,Hindi
Sara Joshi,Hyderabad,Sports,Engineer,C++,Flipkart,B.Com,Football,Telugu
Anika Iyer,Mumbai,Finance,Trader,Java,Amazon,MBA,Reading,Telugu
Tara Chopra,Mumbai,Sports,Doctor,Machine Learning,Amazon,PhD,Cricket,English
Aryan Nair,Mumbai,Sports,Entrepreneur,Machine Learning,TCS,B.Sc,Reading,Marathi
Vihaan Kulkarni,Bangalore,Sports,Student,Stock Trading,None,B.Com,Photography,Hindi
Anika Reddy,Pune,Finance,Engineer,Data Analysis,Flipkart,MBA,Traveling,Telugu
Dev Verma,Mumbai,Sports,Engineer,Java,Startup,B.Com,Traveling,English
Krishna Agarwal,Hyderabad,Finance,Doctor,UI/UX,TCS,MBA,Traveling,Hindi
Krishna Iyer,Pune,ML,Trader,Machine Learning,Microsoft,B.Sc,Cricket,Kannada
Aadhya Kapoor,Bangalore,Coding,Entrepreneur,Python,Google,B.Sc,Reading,English
Anika Mishra,Bangalore,Finance,Student,Java,None,B.Com,Cricket,Telugu
Kunal Patel,Chennai,Gaming,Designer,C++,TCS,B.Tech,Football,Tamil
Aryan Mishra,Pune,Coding,Doctor,Cloud,Google,B.Tech,Cricket,English
Krishna Nair,Hyderabad,Gaming,Entrepreneur,Cloud,Infosys,B.Sc,Photography,Marathi
Dev Singh,Chennai,Gaming,Entrepreneur,Marketing,Infosys,B.Com,Cricket,Telugu
Meera Nair,Chennai,Blockchain,Doctor,Machine Learning,Amazon,B.Com,Reading,Marathi
Pooja Malhotra,Hyderabad,AI,Engineer,Marketing,Google,B.Sc,Reading,Tamil
Aarav Mishra,Mumbai,Blockchain,Doctor,Python,Amazon,MBA,Chess,Hindi
Meera Patel,Bangalore,ML,Student,Data Analysis,None,B.Com,Photography,English
Aryan Joshi,Delhi,Finance,Doctor,Marketing,TCS,PhD,Photography,Tamil
Vihaan Verma,Delhi,Coding,Trader,C++,Amazon,B.Com,Chess,Marathi
Sara Mehta,Mumbai,Coding,Doctor,Java,Startup,B.Tech,Photography,Tamil
Rohan Kapoor,Bangalore,Blockchain,Student,Marketing,None,PhD,Chess,Marathi
Ira Kulkarni,Pune,Coding,Doctor,Machine Learning,Google,B.Com,Football,English
Diya Iyer,Chennai,Gaming,Entrepreneur,Data Analysis,Startup,MBA,Traveling,Kannada
Anika Singh,Chennai,Coding,Trader,Cloud,Microsoft,M.Tech,Photography,Marathi
Tara Kulkarni,Delhi,AI,Doctor,Stock Trading,TCS,B.Tech,Traveling,Telugu
Kabir Kulkarni,Pune,Blockchain,Doctor,Cloud,Amazon,MBA,Reading,Telugu
Ishaan Kapoor,Hyderabad,Sports,Engineer,Python,TCS,B.Tech,Traveling,Telugu
Tara Patel,Bangalore,Music,Designer,Marketing,Amazon,MBA,Reading,Telugu
Arjun Bansal,Hyderabad,Coding,Designer,Python,Startup,B.Sc,Football,Tamil
Meera Chopra,Mumbai,Music,Trader,Cloud,Flipkart,PhD,Chess,Marathi
Aditya Saxena,Bangalore,AI,Doctor,Java,Startup,B.Tech,Chess,Marathi
Dev Malhotra,Hyderabad,Music,Student,C++,None,PhD,Football,Kannada
Anika Joshi,Delhi,Coding,Doctor,Python,Amazon,B.Tech,Photography,Tamil
Rohan Singh,Delhi,AI,Engineer,Data Analysis,Microsoft,B.Sc,Photography,Kannada
Vihaan Kulkarni,Chennai,Finance,Engineer,Java,Amazon,MBA,Cricket,Kannada
Anika Malhotra,Chennai,AI,Student,Marketing,None,B.Sc,Reading,Tamil
Arjun Verma,Hyderabad,Gaming,Doctor,UI/UX,Infosys,M.Tech,Reading,Telugu
Sneha Patel,Bangalore,Gaming,Doctor,Machine Learning,Startup,B.Sc,Photography,Kannada
Kabir Verma,Chennai,ML,Designer,Stock Trading,TCS,B.Tech,Photography,Kannada
Sai Saxena,Mumbai,Sports,Trader,Stock Trading,Amazon,B.Com,Cricket,Tamil
Sneha Kulkarni,Mumbai,Music,Student,C++,None,B.Com,Chess,Telugu
Aryan Chopra,Pune,Coding,Designer,Cloud,Startup,M.Tech,Photography,English
Anika Mehta,Mumbai,Music,Designer,Java,Flipkart,PhD,Chess,English
Diya Kapoor,Chennai,Coding,Engineer,Marketing,Microsoft,B.Com,Reading,Tamil
Aadhya Patel,Pune,ML,Engineer,UI/UX,Amazon,M.Tech,Traveling,Marathi
Ira Joshi,Delhi,Coding,Designer,Machine Learning,Google,B.Sc,Football,Marathi
Aditya Patel,Bangalore,Sports,Trader,Python,Flipkart,B.Com,Traveling,Tamil
Ananya Patel,Pune,Sports,Trader,Cloud,Flipkart,M.Tech,Football,Hindi
Anika Chopra,Delhi,Music,Engineer,Cloud,Microsoft,B.Tech,Football,Tamil
Arjun Iyer,Pune,ML,Designer,Marketing,Amazon,M.Tech,Chess,Kannada
Sneha Nair,Mumbai,Finance,Doctor,UI/UX,Infosys,B.Sc,Football,Telugu
Aarav Chopra,Mumbai,Finance,Trader,Data Analysis,Amazon,M.Tech,Photography,Hindi
Ira Agarwal,Delhi,Blockchain,Designer,Data Analysis,Microsoft,M.Tech,Chess,English
Rohan Gupta,Chennai,ML,Designer,Machine Learning,Microsoft,M.Tech,Photography,Marathi
Aadhya Patel,Delhi,Finance,Doctor,Stock Trading,Microsoft,B.Sc,Reading,Telugu
Dev Mishra,Chennai,Finance,Student,Data Analysis,None,M.Tech,Cricket,Tamil
Kabir Sharma,Bangalore,AI,Engineer,UI/UX,TCS,MBA,Reading,Marathi
Aadhya Gupta,Delhi,Sports,Entrepreneur,Java,Microsoft,B.Tech,Cricket,Tamil
Krishna Saxena,Pune,Finance,Engineer,Stock Trading,Amazon,B.Sc,Chess,Hindi
Vivaan Malhotra,Chennai,ML,Trader,Java,Microsoft,B.Com,Football,English
Sai Sharma,Mumbai,Sports,Entrepreneur,Cloud,Infosys,B.Tech,Chess,Kannada
Ananya Kapoor,Bangalore,Gaming,Entrepreneur,Cloud,Amazon,MBA,Football,English
Kunal Singh,Bangalore,Finance,Doctor,Java,TCS,M.Tech,Traveling,Marathi
Ananya Kulkarni,Pune,Music,Engineer,Data Analysis,Startup,MBA,Cricket,English
Diya Mehta,Delhi,Finance,Engineer,Cloud,Google,MBA,Photography,Tamil
Dev Malhotra,Pune,Finance,Entrepreneur,Marketing,TCS,B.Com,Football,Telugu
Anika Mishra,Mumbai,Finance,Designer,Marketing,Flipkart,B.Tech,Traveling,Hindi
Sai Nair,Mumbai,Blockchain,Trader,Python,Flipkart,MBA,Football,Kannada
Arjun Desai,Bangalore,Coding,Student,UI/UX,None,B.Tech,Reading,Hindi
Myra Saxena,Delhi,Gaming,Student,Stock Trading,None,M.Tech,Traveling,English
Ishaan Nair,Chennai,Blockchain,Doctor,Stock Trading,Amazon,B.Com,Football,Hindi
Aarav Nair,Chennai,Blockchain,Trader,C++,Startup,M.Tech,Traveling,Kannada
Meera Joshi,Hyderabad,AI,Student,Marketing,None,B.Sc,Photography,Kannada
Myra Bansal,Hyderabad,Gaming,Designer,Machine Learning,Startup,B.Tech,Football,Kannada
Ananya Saxena,Hyderabad,Coding,Trader,Cloud,Flipkart,B.Com,Football,Tamil
Riya Sharma,Hyderabad,Finance,Doctor,Java,TCS,B.Tech,Cricket,Hindi
Vivaan Bansal,Chennai,Finance,Entrepreneur,C++,Flipkart,B.Sc,Football,Tamil
Ira Agarwal,Pune,Finance,Student,UI/UX,None,MBA,Football,English
Rohan Patel,Hyderabad,AI,Trader,Marketing,Infosys,PhD,Cricket,English
Vivaan Kulkarni,Chennai,ML,Doctor,Java,Startup,PhD,Football,Tamil
Vivaan Kapoor,Pune,ML,Student,Data Analysis,None,PhD,Chess,Telugu
Sara Iyer,Hyderabad,Blockchain,Student,C++,None,M.Tech,Traveling,Kannada
Sai Nair,Pune,Gaming,Engineer,Java,Flipkart,B.Tech,Chess,Hindi
Sneha Sharma,Pune,Coding,Designer,Stock Trading,Google,B.Com,Football,Marathi
Aditya Singh,Pune,Sports,Engineer,Data Analysis,Startup,PhD,Chess,Hindi
Diya Bansal,Hyderabad,Sports,Trader,Java,TCS,B.Sc,Cricket,English
Aarav Mehta,Delhi,Music,Entrepreneur,C++,Google,B.Tech,Cricket,Kannada
Krishna Singh,Chennai,Sports,Designer,UI/UX,Amazon,B.Com,Cricket,Marathi
Vihaan Malhotra,Mumbai,AI,Student,Java,None,B.Com,Cricket,Telugu
Rohan Mehta,Mumbai,ML,Doctor,Python,Google,B.Sc,Photography,English
Pooja Chopra,Hyderabad,Blockchain,Student,C++,None,PhD,Traveling,English
Ananya Mishra,Bangalore,Blockchain,Doctor,Machine Learning,TCS,B.Sc,Football,Marathi
Ananya Agarwal,Mumbai,Gaming,Designer,Stock Trading,Flipkart,M.Tech,Chess,Marathi
Sneha Saxena,Mumbai,ML,Doctor,Data Analysis,Amazon,MBA,Traveling,Tamil
Ananya Singh,Pune,Finance,Doctor,Stock Trading,Google,B.Sc,Chess,English
Sai Kapoor,Mumbai,Gaming,Student,C++,None,PhD,Football,Kannada
Sara Reddy,Mumbai,Gaming,Entrepreneur,Machine Learning,Infosys,B.Com,Chess,Hindi
Krishna Reddy,Pune,Gaming,Doctor,Python,Startup,PhD,Photography,Kannada
Sara Kapoor,Hyderabad,ML,Engineer,C++,Amazon,PhD,Cricket,Telugu
Kabir Mishra,Hyderabad,Coding,Trader,Cloud,TCS,B.Tech,Photography,Kannada
Vihaan Patel,Bangalore,ML,Doctor,Machine Learning,Microsoft,B.Com,Reading,Marathi
Arjun Saxena,Chennai,Finance,Student,UI/UX,None,M.Tech,Chess,Telugu
Myra Gupta,Delhi,Music,Student,C++,None,MBA,Traveling,English
Ishaan Desai,Delhi,Gaming,Entrepreneur,Python,Amazon,PhD,Chess,Telugu
Tara Verma,Chennai,Sports,Entrepreneur,Stock Trading,Microsoft,B.Tech,Football,Tamil
Meera Bansal,Delhi,Sports,Entrepreneur,Data Analysis,TCS,B.Com,Reading,Tamil
Sara Iyer,Bangalore,AI,Student,Machine Learning,None,MBA,Cricket,Hindi
Rohan Bansal,Delhi,AI,Engineer,Marketing,Microsoft,B.Com,Football,Kannada
Rohan Verma,Delhi,Sports,Entrepreneur,Java,Google,M.Tech,Photography,Hindi
Aarav Mehta,Delhi,Blockchain,Designer,Machine Learning,Google,B.Com,Photography,Telugu
Sai Chopra,Delhi,Gaming,Trader,Machine Learning,Google,M.Tech,Football,Telugu
Kabir Agarwal,Mumbai,Music,Doctor,UI/UX,TCS,B.Tech,Reading,Telugu
Pooja Singh,Mumbai,Sports,Engineer,Marketing,Amazon,M.Tech,Chess,Kannada
Tara Verma,Mumbai,Music,Doctor,UI/UX,TCS,B.Tech,Football,Hindi
Myra Agarwal,Pune,Sports,Trader,Data Analysis,Microsoft,MBA,Chess,Hindi
Arjun Reddy,Mumbai,Finance,Doctor,Stock Trading,Infosys,MBA,Chess,Tamil
Ishaan Chopra,Bangalore,AI,Student,Stock Trading,None,MBA,Cricket,English
Ishaan Malhotra,Chennai,Finance,Trader,C++,Flipkart,PhD,Chess,Kannada
Riya Patel,Delhi,ML,Doctor,Stock Trading,Flipkart,M.Tech,Chess,English
Sai Saxena,Hyderabad,Coding,Designer,Python,Google,M.Tech,Traveling,Kannada
Kunal Chopra,Bangalore,ML,Trader,Python,Google,B.Sc,Chess,English
Kabir Sharma,Mumbai,Coding,Student,Machine Learning,None,MBA,Traveling,Tamil
Ishaan Reddy,Mumbai,Gaming,Entrepreneur,Stock Trading,Flipkart,M.Tech,Chess,Hindi
Vivaan Patel,Delhi,Gaming,Designer,Python,Startup,B.Sc,Cricket,Kannada
Aryan Kulkarni,Mumbai,ML,Entrepreneur,Stock Trading,Microsoft,M.Tech,Chess,Kannada
Aditya Verma,Delhi,ML,Student,Python,None,B.Tech,Cricket,English
Arjun Kapoor,Delhi,AI,Engineer,UI/UX,Google,B.Sc,Football,Marathi
Sara Saxena,Pune,Gaming,Engineer,C++,Flipkart,B.Sc,Cricket,Kannada
Dev Singh,Mumbai,Sports,Trader,Python,Infosys,B.Sc,Chess,Marathi
Tara Chopra,Delhi,AI,Student,C++,None,M.Tech,Reading,Hindi
Riya Kulkarni,Mumbai,Sports,Doctor,Marketing,Infosys,M.Tech,Chess,Marathi
Sai Sharma,Bangalore,Blockchain,Engineer,Python,Infosys,B.Sc,Reading,Hindi
Sara Patel,Delhi,Coding,Entrepreneur,Java,Microsoft,B.Sc,Cricket,Marathi
Sai Nair,Bangalore,Blockchain,Doctor,UI/UX,Google,M.Tech,Chess,Telugu
Diya Iyer,Hyderabad,Gaming,Trader,Marketing,Flipkart,B.Tech,Cricket,Telugu
Vivaan Bansal,Mumbai,Gaming,Entrepreneur,Data Analysis,Microsoft,M.Tech,Cricket,Tamil
Meera Saxena,Bangalore,Sports,Engineer,UI/UX,Amazon,MBA,Photography,Kannada
Sneha Malhotra,Mumbai,Coding,Entrepreneur,UI/UX,Infosys,B.Tech,Reading,English
Ishaan Mishra,Hyderabad,Music,Designer,UI/UX,Infosys,MBA,Traveling,Tamil
Aarav Iyer,Mumbai,Finance,Trader,Data Analysis,Amazon,B.Tech,Football,Hindi
Ira Kulkarni,Delhi,Blockchain,Engineer,Machine Learning,TCS,PhD,Chess,Marathi
Sara Saxena,Mumbai,ML,Student,Python,None,MBA,Traveling,Telugu
Arjun Sharma,Chennai,AI,Doctor,Machine Learning,Microsoft,PhD,Chess,Kannada
Kunal Singh,Pune,AI,Engineer,Java,Infosys,M.Tech,Cricket,Kannada
Arjun Mehta,Delhi,ML,Entrepreneur,UI/UX,Startup,B.Tech,Reading,English
Ishaan Malhotra,Hyderabad,AI,Student,Cloud,None,MBA,Traveling,Tamil
Ira Gupta,Mumbai,Blockchain,Entrepreneur,Python,Microsoft,B.Sc,Traveling,Kannada
Aarav Sharma,Chennai,AI,Doctor,Java,Flipkart,MBA,Chess,Marathi
Tara Verma,Hyderabad,Coding,Designer,C++,Infosys,B.Sc,Cricket,Tamil
Rohan Iyer,Hyderabad,ML,Designer,Java,Amazon,PhD,Cricket,Hindi
Arjun Iyer,Bangalore,Music,Engineer,Python,Amazon,M.Tech,Photography,Tamil
Dev Singh,Pune,Finance,Student,Machine Learning,None,MBA,Photography,Kannada
Ananya Mishra,Delhi,Gaming,Student,Machine Learning,None,B.Tech,Cricket,English
Kunal Sharma,Hyderabad,Finance,Student,UI/UX,None,B.Sc,Photography,Kannada
Krishna Iyer,Pune,Blockchain,Designer,C++,Infosys,B.Tech,Photography,Telugu
Aditya Verma,Hyderabad,AI,Student,Machine Learning,None,PhD,Cricket,Marathi
Kabir Kulkarni,Bangalore,Blockchain,Doctor,UI/UX,Infosys,M.Tech,Chess,English
Pooja Nair,Chennai,Gaming,Doctor,Marketing,Microsoft,PhD,Reading,English
Sai Singh,Chennai,AI,Doctor,Machine Learning,Startup,B.Sc,Reading,Kannada
Vihaan Sharma,Hyderabad,Sports,Trader,C++,Startup,B.Sc,Reading,Tamil
Anika Sharma,Hyderabad,AI,Doctor,Cloud,Startup,B.Tech,Chess,Tamil
Aadhya Patel,Hyderabad,ML,Trader,Machine Learning,Infosys,B.Com,Photography,Kannada
Diya Joshi,Delhi,Gaming,Designer,Machine Learning,Google,MBA,Football,Kannada
Vivaan Joshi,Delhi,Finance,Doctor,Stock Trading,Google,B.Sc,Chess,Tamil
Dev Nair,Pune,Sports,Doctor,Python,TCS,MBA,Photography,Kannada
Ishaan Patel,Mumbai,AI,Designer,Python,TCS,B.Tech,Photography,English
Myra Sharma,Pune,Music,Student,UI/UX,None,M.Tech,Football,Tamil
Rohan Joshi,Bangalore,Gaming,Student,Cloud,None,MBA,Reading,Tamil
Meera Desai,Chennai,ML,Engineer,Data Analysis,Startup,B.Com,Football,English
Pooja Malhotra,Delhi,Coding,Designer,Cloud,Google,M.Tech,Traveling,Hindi
Tara Saxena,Bangalore,Music,Trader,Python,Microsoft,B.Sc,Cricket,Hindi
Arjun Agarwal,Pune,AI,Doctor,UI/UX,TCS,B.Com,Football,English
Dev Agarwal,Pune,Coding,Trader,Python,TCS,PhD,Cricket,Marathi
Sneha Chopra,Chennai,Finance,Designer,Stock Trading,Microsoft,M.Tech,Reading,Marathi
Anika Mishra,Hyderabad,Blockchain,Designer,Marketing,Amazon,B.Com,Traveling,English
Meera Iyer,Delhi,Sports,Doctor,C++,Amazon,PhD,Reading,English
Ananya Mishra,Mumbai,Coding,Entrepreneur,Marketing,Infosys,M.Tech,Football,Hindi
Tara Nair,Mumbai,Sports,Engineer,Java,TCS,MBA,Chess,Hindi
Diya Bansal,Pune,Blockchain,Student,Data Analysis,None,PhD,Chess,Hindi
Rohan Desai,Bangalore,AI,Entrepreneur,C++,Google,B.Tech,Photography,English
Diya Mishra,Pune,Music,Doctor,Machine Learning,Amazon,B.Com,Chess,Hindi
Aadhya Singh,Delhi,Music,Trader,UI/UX,Infosys,M.Tech,Photography,Hindi
Kabir Saxena,Delhi,Sports,Student,UI/UX,None,B.Sc,Traveling,Tamil
Arjun Desai,Chennai,Finance,Designer,Cloud,TCS,B.Com,Chess,English
Anika Kulkarni,Bangalore,Coding,Trader,Java,Infosys,B.Com,Photography,Marathi
Sai Gupta,Mumbai,Sports,Trader,Stock Trading,Infosys,MBA,Cricket,Kannada
Tara Mishra,Chennai,Blockchain,Doctor,Data Analysis,TCS,PhD,Traveling,English
Sneha Kapoor,Hyderabad,Blockchain,Student,Marketing,None,B.Tech,Football,Hindi
Rohan Malhotra,Mumbai,AI,Doctor,Cloud,Google,MBA,Football,Tamil
Sai Gupta,Mumbai,Gaming,Doctor,C++,Flipkart,B.Tech,Reading,Hindi
Myra Joshi,Hyderabad,ML,Trader,Python,Startup,B.Tech,Reading,Tamil
Aditya Singh,Mumbai,Sports,Engineer,UI/UX,Amazon,PhD,Football,Marathi
Aditya Bansal,Bangalore,Finance,Entrepreneur,C++,Microsoft,MBA,Football,Telugu
Riya Joshi,Delhi,Music,Engineer,Java,Microsoft,B.Tech,Football,Marathi
Krishna Bansal,Bangalore,Gaming,Doctor,Cloud,Infosys,B.Sc,Traveling,Kannada
Krishna Patel,Pune,Sports,Entrepreneur,Python,Google,B.Com,Cricket,Marathi
Rohan Desai,Mumbai,Sports,Designer,Data Analysis,Startup,B.Sc,Cricket,Hindi
Vivaan Reddy,Bangalore,ML,Engineer,C++,Amazon,B.Sc,Chess,Telugu
Vivaan Kulkarni,Bangalore,Blockchain,Trader,Python,TCS,B.Sc,Traveling,Hindi
Sai Bansal,Chennai,ML,Designer,UI/UX,TCS,B.Tech,Traveling,Kannada
Kunal Bansal,Mumbai,AI,Entrepreneur,UI/UX,Google,B.Sc,Chess,Kannada
Diya Iyer,Chennai,AI,Entrepreneur,Java,Flipkart,B.Sc,Football,Kannada
Pooja Saxena,Pune,Music,Designer,Cloud,Amazon,PhD,Chess,English
Pooja Bansal,Delhi,ML,Trader,Data Analysis,Startup,PhD,Traveling,Kannada
Vivaan Agarwal,Pune,Blockchain,Entrepreneur,Data Analysis,Microsoft,M.Tech,Traveling,Telugu
Kunal Malhotra,Mumbai,Gaming,Doctor,Java,TCS,M.Tech,Reading,Hindi
Pooja Gupta,Chennai,Gaming,Entrepreneur,C++,TCS,B.Tech,Chess,English
Aditya Kapoor,Mumbai,Coding,Designer,Java,Infosys,B.Com,Photography,Hindi
Riya Mishra,Delhi,AI,Doctor,Machine Learning,Infosys,B.Com,Reading,English
Sneha Singh,Hyderabad,Gaming,Doctor,Python,TCS,M.Tech,Reading,Tamil
Vihaan Saxena,Delhi,Coding,Student,UI/UX,None,M.Tech,Photography,Telugu
Aadhya Sharma,Bangalore,Gaming,Entrepreneur,C++,Amazon,M.Tech,Cricket,Telugu
Ishaan Gupta,Chennai,Coding,Engineer,Cloud,TCS,M.Tech,Cricket,Kannada
Sara Kapoor,Delhi,Finance,Entrepreneur,Stock Trading,Infosys,MBA,Photography,English
Sneha Mishra,Chennai,Gaming,Doctor,Data Analysis,Amazon,B.Tech,Traveling,Marathi
Vivaan Sharma,Bangalore,Sports,Entrepreneur,Java,Infosys,B.Com,Traveling,Telugu
Kabir Verma,Hyderabad,Finance,Student,C++,None,B.Tech,Photography,English
Sara Kulkarni,Bangalore,Finance,Student,Stock Trading,None,M.Tech,Reading,Telugu
Meera Singh,Hyderabad,Sports,Student,Machine Learning,None,B.Sc,Chess,Telugu
Aadhya Mishra,Chennai,ML,Engineer,Stock Trading,Flipkart,PhD,Traveling,Telugu
Aarav Desai,Hyderabad,Blockchain,Entrepreneur,UI/UX,Infosys,PhD,Photography,Tamil
Aarav Bansal,Delhi,Blockchain,Student,Marketing,None,B.Tech,Cricket,English
Sai Chopra,Bangalore,ML,Entrepreneur,Marketing,Google,M.Tech,Reading,English
Diya Kapoor,Chennai,Gaming,Trader,Cloud,Amazon,B.Com,Cricket,Hindi
Aditya Nair,Delhi,Music,Doctor,UI/UX,Microsoft,MBA,Photography,Hindi
Sneha Verma,Bangalore,ML,Trader,Data Analysis,Microsoft,B.Com,Cricket,Marathi
Ira Saxena,Delhi,Gaming,Entrepreneur,C++,Startup,B.Sc,Traveling,Marathi
Tara Joshi,Chennai,Blockchain,Trader,Python,Infosys,PhD,Football,Tamil
Vihaan Nair,Hyderabad,AI,Entrepreneur,Stock Trading,Flipkart,PhD,Chess,Tamil
Ira Malhotra,Mumbai,Music,Student,Java,None,B.Tech,Reading,Tamil
Dev Bansal,Mumbai,Music,Student,C++,None,PhD,Chess,Kannada
Aarav Mehta,Hyderabad,Gaming,Student,UI/UX,None,MBA,Reading,Hindi
Sai Bansal,Mumbai,Sports,Engineer,Java,TCS,PhD,Football,Tamil
Vivaan Nair,Delhi,AI,Entrepreneur,Marketing,Flipkart,M.Tech,Photography,English
Meera Verma,Mumbai,AI,Student,Stock Trading,None,M.Tech,Traveling,English
Aryan Verma,Mumbai,AI,Entrepreneur,Marketing,Amazon,M.Tech,Chess,Tamil
Ira Agarwal,Bangalore,Blockchain,Designer,Java,Infosys,B.Sc,Traveling,Tamil
Anika Agarwal,Hyderabad,Sports,Entrepreneur,Marketing,Flipkart,B.Com,Photography,Telugu
Kunal Joshi,Hyderabad,Finance,Doctor,C++,Amazon,B.Sc,Football,Tamil
Aditya Chopra,Mumbai,Coding,Trader,Machine Learning,Infosys,B.Sc,Chess,Hindi
Myra Desai,Hyderabad,Finance,Doctor,Machine Learning,TCS,M.Tech,Traveling,Tamil
Tara Agarwal,Bangalore,Coding,Trader,Java,TCS,B.Tech,Reading,Marathi
Vihaan Verma,Bangalore,AI,Designer,Data Analysis,Startup,B.Tech,Cricket,Tamil
Aryan Singh,Mumbai,Music,Entrepreneur,Machine Learning,Startup,MBA,Chess,Marathi
Kabir Desai,Mumbai,Music,Entrepreneur,Stock Trading,Flipkart,MBA,Cricket,Kannada
Riya Singh,Mumbai,Sports,Trader,Stock Trading,Amazon,B.Tech,Cricket,Telugu
Tara Mishra,Delhi,Gaming,Doctor,Marketing,Infosys,B.Tech,Football,Telugu
Pooja Reddy,Delhi,Gaming,Designer,Python,Startup,B.Sc,Photography,Tamil
Riya Singh,Pune,ML,Designer,C++,Startup,B.Tech,Reading,Telugu
Anika Desai,Delhi,ML,Doctor,Java,Startup,B.Tech,Cricket,Kannada
Aarav Reddy,Delhi,Coding,Engineer,C++,Startup,M.Tech,Chess,Tamil
Kunal Desai,Pune,Sports,Engineer,Python,TCS,B.Tech,Cricket,Telugu
Rohan Joshi,Mumbai,AI,Engineer,C++,Microsoft,B.Com,Photography,English
Tara Patel,Chennai,Finance,Designer,Machine Learning,Microsoft,PhD,Cricket,Telugu
Myra Singh,Hyderabad,AI,Student,Data Analysis,None,M.Tech,Photography,Marathi
Anika Iyer,Chennai,Blockchain,Engineer,Stock Trading,Flipkart,B.Com,Football,English
Tara Kapoor,Pune,Finance,Entrepreneur,Cloud,Amazon,M.Tech,Cricket,Hindi
Rohan Saxena,Chennai,Coding,Entrepreneur,Java,Infosys,B.Com,Cricket,Tamil
Aditya Reddy,Hyderabad,Finance,Doctor,Java,TCS,M.Tech,Chess,Telugu
Krishna Kulkarni,Bangalore,Finance,Engineer,Stock Trading,Microsoft,B.Com,Photography,Kannada
Ananya Mishra,Pune,AI,Student,Marketing,None,B.Tech,Cricket,Kannada
Pooja Patel,Bangalore,Finance,Doctor,UI/UX,Google,B.Tech,Traveling,Tamil
Dev Kulkarni,Chennai,Gaming,Trader,Python,Infosys,PhD,Football,Tamil
Dev Malhotra,Hyderabad,Sports,Trader,C++,Startup,B.Sc,Chess,English
Pooja Bansal,Chennai,Sports,Designer,Java,TCS,B.Tech,Reading,Hindi
Vivaan Agarwal,Mumbai,AI,Engineer,Cloud,Microsoft,B.Com,Traveling,Marathi
Kabir Malhotra,Delhi,Music,Designer,Data Analysis,Flipkart,B.Com,Cricket,Hindi
Aadhya Chopra,Delhi,AI,Doctor,Stock Trading,TCS,PhD,Football,English
Riya Kulkarni,Chennai,Sports,Student,UI/UX,None,M.Tech,Chess,Hindi
Aadhya Joshi,Delhi,ML,Trader,Stock Trading,Google,MBA,Cricket,Marathi
Krishna Mishra,Delhi,Blockchain,Trader,Cloud,Flipkart,M.Tech,Traveling,Hindi
Sneha Mishra,Mumbai,AI,Trader,Python,Flipkart,B.Tech,Football,Hindi
Kabir Verma,Delhi,ML,Doctor,Java,Startup,M.Tech,Cricket,English
Aadhya Mehta,Hyderabad,Sports,Engineer,C++,Amazon,B.Sc,Photography,Kannada
Vivaan Joshi,Pune,Sports,Student,UI/UX,None,PhD,Reading,Marathi
Aadhya Mehta,Bangalore,AI,Designer,Marketing,Infosys,PhD,Chess,Telugu
Sneha Joshi,Pune,Gaming,Trader,UI/UX,Amazon,B.Tech,Cricket,Hindi
Ananya Agarwal,Pune,Gaming,Entrepreneur,Cloud,Amazon,M.Tech,Reading,Tamil
Aadhya Patel,Chennai,Finance,Entrepreneur,Machine Learning,TCS,M.Tech,Reading,Kannada
Aditya Mehta,Bangalore,Blockchain,Designer,UI/UX,Flipkart,MBA,Football,English
Meera Kapoor,Chennai,AI,Doctor,Data Analysis,Flipkart,B.Tech,Football,Kannada
Ishaan Bansal,Mumbai,Gaming,Designer,Cloud,Flipkart,MBA,Football,Kannada
Aditya Malhotra,Bangalore,Sports,Doctor,Stock Trading,Infosys,PhD,Football,Tamil
Aarav Mehta,Chennai,Gaming,Student,Marketing,None,M.Tech,Reading,Telugu
Vivaan Kapoor,Mumbai,Blockchain,Trader,Python,Startup,B.Tech,Traveling,Telugu
Pooja Nair,Bangalore,AI,Engineer,Machine Learning,Flipkart,B.Tech,Chess,Marathi
Aadhya Nair,Mumbai,AI,Designer,Python,Infosys,MBA,Reading,Marathi
Aditya Patel,Hyderabad,AI,Designer,C++,Flipkart,B.Sc,Reading,Marathi
Anika Agarwal,Pune,ML,Doctor,Java,Infosys,M.Tech,Football,Telugu
Aditya Joshi,Delhi,Music,Student,Data Analysis,None,B.Tech,Traveling,Telugu
Ira Agarwal,Chennai,ML,Designer,Java,Flipkart,MBA,Chess,Tamil
Sneha Kulkarni,Bangalore,ML,Designer,Cloud,Infosys,B.Tech,Chess,Tamil
Aarav Joshi,Bangalore,ML,Engineer,Stock Trading,Flipkart,PhD,Chess,Telugu
Dev Mehta,Mumbai,Finance,Engineer,Stock Trading,TCS,B.Tech,Football,Kannada
Vihaan Bansal,Chennai,ML,Designer,Cloud,Startup,M.Tech,Chess,Kannada
Ishaan Mishra,Pune,Music,Engineer,Java,Startup,M.Tech,Photography,English
Myra Bansal,Chennai,Sports,Doctor,Marketing,Flipkart,PhD,Traveling,Kannada
Ishaan Patel,Chennai,Finance,Designer,C++,Startup,B.Sc,Cricket,English
Aryan Mehta,Mumbai,Blockchain,Student,Stock Trading,None,PhD,Cricket,Tamil
Meera Agarwal,Chennai,AI,Designer,Data Analysis,Google,PhD,Chess,Tamil
Riya Nair,Pune,ML,Entrepreneur,Stock Trading,Flipkart,PhD,Traveling,Hindi
Dev Nair,Chennai,Blockchain,Designer,Marketing,Startup,MBA,Chess,English
Ananya Gupta,Bangalore,Finance,Entrepreneur,Data Analysis,TCS,PhD,Traveling,Kannada
Aditya Iyer,Pune,AI,Engineer,Marketing,Amazon,MBA,Reading,Hindi
Aarav Patel,Chennai,Sports,Doctor,Machine Learning,Infosys,B.Sc,Chess,Hindi
Aadhya Chopra,Delhi,Coding,Engineer,Machine Learning,TCS,B.Sc,Reading,Telugu
Aarav Nair,Chennai,Blockchain,Designer,Python,TCS,MBA,Chess,Telugu
Vihaan Gupta,Hyderabad,AI,Engineer,Java,Startup,B.Com,Football,Hindi
Riya Mishra,Mumbai,Blockchain,Student,Cloud,None,B.Tech,Photography,Marathi
Arjun Gupta,Pune,Blockchain,Designer,Stock Trading,Google,B.Com,Reading,English
Ananya Desai,Mumbai,Sports,Designer,Java,Infosys,B.Com,Cricket,Marathi
Anika Kapoor,Delhi,ML,Engineer,Machine Learning,Microsoft,B.Tech,Reading,Hindi
Aadhya Mehta,Delhi,Coding,Doctor,Machine Learning,Amazon,B.Tech,Photography,Kannada
Dev Mishra,Chennai,Sports,Designer,Java,TCS,B.Com,Traveling,Tamil
Riya Nair,Pune,AI,Designer,Marketing,TCS,B.Sc,Football,Telugu
Anika Desai,Hyderabad,Blockchain,Student,UI/UX,None,PhD,Reading,Hindi
Tara Kapoor,Hyderabad,Music,Engineer,Data Analysis,TCS,B.Tech,Cricket,Telugu
Ira Malhotra,Pune,Coding,Student,Marketing,None,MBA,Cricket,Marathi
Aryan Mishra,Mumbai,Music,Entrepreneur,C++,Google,M.Tech,Photography,English
Aditya Desai,Mumbai,Blockchain,Trader,Stock Trading,Google,B.Com,Reading,English
Aarav Saxena,Delhi,Finance,Entrepreneur,C++,Amazon,M.Tech,Chess,Tamil
Sneha Desai,Chennai,Music,Designer,UI/UX,Flipkart,MBA,Photography,Marathi
Aarav Gupta,Hyderabad,ML,Engineer,Marketing,Google,PhD,Traveling,Kannada
Sai Reddy,Bangalore,Blockchain,Trader,Machine Learning,Google,MBA,Cricket,Kannada
Aarav Mishra,Bangalore,Music,Entrepreneur,Python,Flipkart,B.Sc,Football,Telugu
Riya Iyer,Bangalore,ML,Engineer,UI/UX,Infosys,M.Tech,Football,Kannada
Myra Chopra,Hyderabad,Finance,Designer,Stock Trading,Startup,PhD,Football,Marathi
Aarav Reddy,Hyderabad,Gaming,Student,C++,None,MBA,Football,Marathi
Vihaan Saxena,Delhi,Sports,Trader,Java,Infosys,M.Tech,Cricket,Hindi
Myra Chopra,Chennai,Blockchain,Student,Python,None,B.Tech,Chess,Tamil
Dev Kapoor,Mumbai,Coding,Student,Machine Learning,None,MBA,Football,Marathi
Ananya Bansal,Delhi,ML,Engineer,Machine Learning,Startup,M.Tech,Football,Kannada
Pooja Nair,Bangalore,Music,Student,Data Analysis,None,B.Tech,Football,Hindi
Rohan Kapoor,Hyderabad,Gaming,Doctor,C++,Flipkart,PhD,Reading,Tamil
Aarav Reddy,Chennai,Gaming,Engineer,Machine Learning,Infosys,B.Com,Photography,Tamil
Sai Kulkarni,Bangalore,ML,Designer,Cloud,Amazon,PhD,Traveling,Tamil
Ananya Sharma,Hyderabad,AI,Trader,Python,Amazon,PhD,Football,Tamil
Aadhya Mehta,Pune,ML,Engineer,UI/UX,TCS,MBA,Football,Hindi
Myra Nair,Delhi,ML,Engineer,Marketing,Google,MBA,Chess,English
Aditya Iyer,Bangalore,AI,Engineer,Data Analysis,Startup,B.Tech,Cricket,English
Diya Iyer,Hyderabad,ML,Doctor,C++,TCS,B.Sc,Photography,Telugu
Aditya Saxena,Bangalore,Gaming,Entrepreneur,Python,Microsoft,PhD,Photography,Telugu
Vihaan Desai,Chennai,Music,Engineer,Marketing,TCS,B.Tech,Chess,English
Riya Kapoor,Delhi,Gaming,Student,UI/UX,None,B.Sc,Chess,English
Sneha Singh,Hyderabad,Blockchain,Engineer,C++,TCS,M.Tech,Traveling,Tamil
Aarav Kapoor,Chennai,Blockchain,Doctor,Data Analysis,Amazon,B.Sc,Reading,Hindi
Kabir Agarwal,Bangalore,Blockchain,Doctor,C++,Amazon,B.Sc,Photography,Kannada
Ishaan Kulkarni,Delhi,Blockchain,Doctor,UI/UX,Infosys,PhD,Football,Telugu
Riya Sharma,Delhi,Blockchain,Doctor,UI/UX,TCS,PhD,Football,Kannada
Tara Mehta,Delhi,Coding,Trader,Stock Trading,Google,B.Tech,Photography,Tamil
Aditya Singh,Pune,Finance,Trader,Java,Google,M.Tech,Football,English
Aditya Kapoor,Chennai,Coding,Engineer,Marketing,Microsoft,PhD,Photography,English
Tara Iyer,Pune,AI,Designer,Python,Google,M.Tech,Cricket,Marathi
Arjun Saxena,Bangalore,Finance,Engineer,Machine Learning,Amazon,PhD,Traveling,Telugu
Aryan Verma,Hyderabad,Finance,Engineer,C++,Flipkart,PhD,Traveling,Telugu
Arjun Iyer,Hyderabad,Music,Engineer,Python,Flipkart,B.Com,Football,Tamil
Krishna Gupta,Chennai,Coding,Student,Cloud,None,B.Com,Traveling,Kannada
Tara Agarwal,Pune,Music,Entrepreneur,UI/UX,Infosys,M.Tech,Chess,Marathi
Riya Patel,Pune,ML,Entrepreneur,C++,Infosys,B.Sc,Reading,Telugu
Vivaan Bansal,Hyderabad,Gaming,Entrepreneur,Python,Amazon,B.Tech,Reading,Kannada
Diya Iyer,Mumbai,Blockchain,Doctor,Stock Trading,Startup,MBA,Traveling,Kannada
Rohan Verma,Mumbai,Sports,Entrepreneur,Cloud,Microsoft,B.Sc,Reading,Telugu
Tara Mishra,Delhi,Music,Designer,Machine Learning,Startup,B.Tech,Reading,Kannada
Pooja Nair,Pune,AI,Entrepreneur,Marketing,Amazon,B.Sc,Traveling,English
Meera Saxena,Mumbai,Blockchain,Designer,Data Analysis,Infosys,B.Com,Football,Telugu
Aditya Desai,Chennai,AI,Entrepreneur,Python,Amazon,B.Tech,Football,Telugu
Myra Joshi,Delhi,Blockchain,Designer,Stock Trading,Amazon,B.Tech,Cricket,Kannada
Aryan Nair,Chennai,ML,Doctor,Machine Learning,Startup,M.Tech,Chess,English
Arjun Bansal,Chennai,Sports,Student,C++,None,B.Com,Football,Marathi
Vihaan Kulkarni,Mumbai,Coding,Entrepreneur,Stock Trading,Amazon,M.Tech,Traveling,Hindi
Sneha Mehta,Bangalore,Finance,Entrepreneur,Stock Trading,Infosys,M.Tech,Chess,Tamil
Tara Malhotra,Bangalore,Coding,Trader,Data Analysis,Google,PhD,Chess,English
Krishna Chopra,Bangalore,Gaming,Entrepreneur,Cloud,Microsoft,B.Com,Football,English
Meera Singh,Chennai,Sports,Engineer,Stock Trading,Microsoft,PhD,Reading,English
Aarav Mishra,Bangalore,Coding,Student,UI/UX,None,B.Tech,Reading,Kannada
Kunal Verma,Pune,AI,Trader,UI/UX,Google,B.Sc,Traveling,Hindi
Aadhya Malhotra,Hyderabad,Coding,Trader,UI/UX,TCS,PhD,Football,Kannada
Ishaan Saxena,Hyderabad,ML,Doctor,Machine Learning,Amazon,B.Tech,Chess,Kannada
Pooja Patel,Bangalore,Finance,Doctor,Data Analysis,Flipkart,PhD,Football,Tamil
Vivaan Verma,Mumbai,Blockchain,Student,UI/UX,None,B.Com,Football,Telugu
Aarav Mishra,Pune,Finance,Designer,Cloud,Amazon,B.Sc,Photography,English
Aryan Singh,Mumbai,Blockchain,Trader,Stock Trading,Infosys,PhD,Football,Marathi
Vivaan Iyer,Mumbai,Gaming,Engineer,Java,Google,B.Tech,Traveling,Hindi
Vivaan Chopra,Chennai,Finance,Entrepreneur,Data Analysis,Startup,PhD,Football,Kannada
Myra Iyer,Pune,Sports,Engineer,Machine Learning,Google,M.Tech,Reading,Tamil
Ishaan Bansal,Pune,Music,Student,Python,None,MBA,Football,Telugu
Meera Sharma,Chennai,Gaming,Student,UI/UX,None,MBA,Photography,Telugu
Arjun Patel,Bangalore,Finance,Engineer,Java,Amazon,PhD,Cricket,Telugu
Kabir Verma,Chennai,Music,Trader,UI/UX,Startup,B.Com,Chess,Hindi
Aarav Gupta,Mumbai,Music,Designer,Data Analysis,Flipkart,M.Tech,Cricket,Marathi
Sara Malhotra,Bangalore,Sports,Entrepreneur,Stock Trading,Startup,B.Tech,Reading,Telugu
Vivaan Desai,Hyderabad,Coding,Entrepreneur,C++,Infosys,M.Tech,Reading,Kannada
Sneha Mishra,Chennai,Sports,Entrepreneur,Data Analysis,Microsoft,PhD,Reading,Kannada
Myra Sharma,Chennai,Sports,Engineer,Java,Google,B.Sc,Cricket,English
Aarav Iyer,Delhi,Gaming,Engineer,Java,Google,M.Tech,Reading,English
Sai Reddy,Hyderabad,Finance,Entrepreneur,Machine Learning,Infosys,B.Com,Photography,English
Rohan Iyer,Bangalore,Music,Entrepreneur,Marketing,Amazon,MBA,Cricket,English
Arjun Patel,Chennai,Coding,Designer,Stock Trading,Amazon,B.Tech,Traveling,Marathi
Aditya Saxena,Mumbai,Coding,Trader,Marketing,TCS,MBA,Chess,Tamil
Ira Malhotra,Bangalore,Sports,Designer,Machine Learning,Flipkart,MBA,Photography,Kannada
Aadhya Joshi,Mumbai,Music,Entrepreneur,Marketing,Microsoft,PhD,Chess,English
Riya Saxena,Bangalore,Gaming,Trader,Stock Trading,Startup,M.Tech,Football,English
Dev Patel,Hyderabad,Coding,Designer,Data Analysis,Infosys,B.Sc,Cricket,Marathi
Vihaan Desai,Chennai,Music,Student,C++,None,B.Com,Chess,Hindi
Anika Reddy,Bangalore,Finance,Doctor,Machine Learning,Google,B.Tech,Cricket,Marathi
Sai Saxena,Mumbai,Music,Doctor,Marketing,Flipkart,B.Com,Reading,Telugu
Ishaan Singh,Chennai,ML,Designer,Cloud,Google,B.Com,Reading,Tamil
Dev Mishra,Hyderabad,AI,Entrepreneur,Machine Learning,Infosys,B.Com,Reading,English
Diya Nair,Delhi,Music,Trader,Cloud,Startup,B.Com,Photography,Tamil
Riya Kapoor,Bangalore,Blockchain,Doctor,Data Analysis,Infosys,MBA,Chess,Tamil
Kabir Singh,Mumbai,Gaming,Designer,Data Analysis,Google,B.Sc,Cricket,Tamil
Meera Mehta,Bangalore,AI,Doctor,Machine Learning,Flipkart,PhD,Reading,Marathi
Aadhya Joshi,Bangalore,Blockchain,Doctor,Python,TCS,MBA,Chess,Kannada
Kabir Desai,Mumbai,AI,Designer,Marketing,Google,B.Tech,Football,Tamil
Sai Gupta,Hyderabad,Gaming,Student,Java,None,M.Tech,Traveling,Marathi
Sara Chopra,Bangalore,Sports,Student,UI/UX,None,B.Sc,Traveling,Kannada
Sneha Mishra,Chennai,Finance,Engineer,C++,Google,B.Tech,Chess,Hindi
Myra Saxena,Bangalore,Music,Doctor,Stock Trading,Infosys,B.Tech,Traveling,Telugu
Meera Gupta,Bangalore,ML,Engineer,Stock Trading,Amazon,MBA,Chess,Telugu
Riya Singh,Mumbai,Gaming,Designer,Machine Learning,Startup,B.Tech,Cricket,Kannada
Krishna Chopra,Pune,Blockchain,Student,Cloud,None,B.Com,Chess,Tamil
Dev Malhotra,Bangalore,Coding,Entrepreneur,Stock Trading,Infosys,B.Sc,Traveling,Marathi
Ira Patel,Mumbai,Blockchain,Designer,UI/UX,Google,B.Sc,Traveling,Kannada
Vihaan Bansal,Mumbai,Finance,Trader,C++,Infosys,M.Tech,Chess,Hindi
Dev Reddy,Hyderabad,Gaming,Student,Marketing,None,PhD,Traveling,Marathi
Tara Joshi,Delhi,ML,Engineer,Cloud,TCS,M.Tech,Traveling,English
Rohan Chopra,Pune,Blockchain,Engineer,Marketing,Infosys,B.Tech,Football,Tamil
Tara Mishra,Delhi,AI,Engineer,Stock Trading,Microsoft,PhD,Cricket,Telugu
Sneha Desai,Pune,Blockchain,Designer,Marketing,Google,M.Tech,Reading,English
Arjun Verma,Bangalore,ML,Doctor,Java,Startup,MBA,Football,Telugu
Kunal Mishra,Pune,Music,Doctor,UI/UX,Startup,PhD,Chess,Kannada
Ira Agarwal,Delhi,Sports,Engineer,Machine Learning,Microsoft,B.Tech,Cricket,Marathi
Sara Saxena,Mumbai,Blockchain,Trader,C++,Google,B.Com,Reading,Kannada
Anika Patel,Delhi,Music,Trader,Python,Startup,B.Tech,Reading,Kannada
Vihaan Mishra,Mumbai,AI,Entrepreneur,Data Analysis,Google,MBA,Chess,Hindi
Rohan Reddy,Hyderabad,Gaming,Trader,UI/UX,Flipkart,B.Sc,Chess,Telugu
Aryan Joshi,Bangalore,AI,Trader,Machine Learning,Flipkart,MBA,Cricket,Tamil
Meera Saxena,Bangalore,Gaming,Doctor,Marketing,TCS,B.Sc,Traveling,Marathi
Vihaan Bansal,Hyderabad,Sports,Designer,Marketing,Flipkart,B.Sc,Traveling,Marathi
Kunal Singh,Pune,Music,Student,Java,None,B.Tech,Traveling,English
Rohan Mishra,Pune,Blockchain,Entrepreneur,Stock Trading,Startup,M.Tech,Cricket,Hindi
Ananya Iyer,Chennai,Coding,Designer,Stock Trading,Amazon,B.Tech,Football,English
Anika Mehta,Delhi,Gaming,Doctor,Machine Learning,Startup,PhD,Reading,Tamil
Myra Gupta,Mumbai,AI,Entrepreneur,Java,Startup,PhD,Chess,Marathi
Aditya Kapoor,Mumbai,Coding,Trader,UI/UX,TCS,B.Com,Reading,Marathi
Sara Gupta,Hyderabad,Blockchain,Engineer,UI/UX,TCS,B.Com,Chess,English
Sara Chopra,Chennai,AI,Designer,Cloud,Flipkart,B.Tech,Football,Hindi
Kunal Joshi,Bangalore,Coding,Designer,Java,Infosys,MBA,Traveling,Kannada
Ishaan Kulkarni,Pune,Gaming,Designer,Java,TCS,B.Com,Traveling,Marathi
Vihaan Mishra,Bangalore,AI,Engineer,Cloud,TCS,MBA,Chess,Hindi
Aadhya Mehta,Delhi,Coding,Designer,Java,Flipkart,B.Com,Reading,English
Sneha Kapoor,Pune,AI,Trader,Java,Startup,B.Tech,Photography,Telugu
Myra Joshi,Chennai,Gaming,Engineer,Marketing,Flipkart,B.Tech,Chess,Kannada
Dev Nair,Bangalore,Sports,Engineer,Marketing,Google,B.Sc,Reading,Telugu
Sneha Sharma,Delhi,Sports,Engineer,Data Analysis,Startup,B.Com,Reading,English
Ira Mishra,Pune,Sports,Engineer,Data Analysis,Microsoft,B.Com,Chess,Telugu
Vivaan Reddy,Mumbai,Coding,Designer,Python,Flipkart,PhD,Chess,English
Riya Mehta,Mumbai,ML,Engineer,Marketing,Amazon,B.Com,Traveling,Kannada
Dev Kapoor,Pune,Sports,Engineer,Java,Amazon,PhD,Chess,Telugu
Aarav Nair,Hyderabad,Sports,Trader,Data Analysis,Microsoft,B.Sc,Reading,Hindi
Riya Kapoor,Bangalore,Sports,Student,Java,None,B.Com,Cricket,Hindi
Sara Bansal,Mumbai,ML,Entrepreneur,Stock Trading,Infosys,MBA,Traveling,Kannada
Ira Agarwal,Mumbai,ML,Entrepreneur,Java,Amazon,B.Sc,Traveling,Kannada
Vihaan Saxena,Pune,Gaming,Trader,Marketing,Startup,B.Com,Cricket,Telugu
Meera Gupta,Mumbai,AI,Designer,Marketing,Infosys,B.Com,Football,Hindi
Sara Bansal,Bangalore,Blockchain,Engineer,Cloud,Microsoft,MBA,Reading,Hindi
Tara Patel,Bangalore,Sports,Entrepreneur,Stock Trading,Flipkart,M.Tech,Reading,Telugu
Ananya Saxena,Hyderabad,Coding,Doctor,UI/UX,Google,B.Sc,Reading,English
Kunal Joshi,Bangalore,Sports,Doctor,Python,Startup,B.Tech,Reading,Marathi
Pooja Singh,Hyderabad,Sports,Entrepreneur,Python,Flipkart,B.Com,Traveling,Marathi
Pooja Sharma,Mumbai,Blockchain,Student,Marketing,None,B.Tech,Football,Telugu
Ira Bansal,Bangalore,ML,Designer,Stock Trading,TCS,PhD,Photography,English
Dev Iyer,Hyderabad,Music,Doctor,Java,TCS,M.Tech,Cricket,Kannada
Dev Malhotra,Pune,Sports,Designer,Stock Trading,Google,MBA,Cricket,Hindi
Pooja Malhotra,Mumbai,Music,Student,Machine Learning,None,MBA,Traveling,Marathi
Meera Chopra,Hyderabad,Gaming,Student,Cloud,None,B.Com,Photography,Tamil
Aryan Kapoor,Mumbai,Coding,Engineer,Marketing,TCS,B.Com,Photography,Kannada
Kabir Sharma,Delhi,AI,Trader,C++,Startup,PhD,Traveling,English
Ira Saxena,Bangalore,Gaming,Student,Cloud,None,M.Tech,Reading,English
Vihaan Nair,Chennai,Finance,Designer,Python,Google,B.Tech,Football,Tamil
Tara Kulkarni,Mumbai,AI,Trader,Machine Learning,Google,B.Tech,Chess,Kannada
Kunal Mishra,Hyderabad,Coding,Doctor,Java,Flipkart,M.Tech,Traveling,Telugu
Vivaan Kapoor,Delhi,Gaming,Trader,Machine Learning,Microsoft,B.Com,Photography,Tamil
Aarav Saxena,Bangalore,AI,Designer,Cloud,Infosys,MBA,Chess,Kannada
Meera Iyer,Bangalore,AI,Trader,Marketing,TCS,B.Sc,Football,Telugu
Tara Desai,Chennai,ML,Entrepreneur,Marketing,Amazon,MBA,Photography,Marathi
Ishaan Gupta,Bangalore,Finance,Engineer,Stock Trading,Infosys,PhD,Chess,English
Arjun Gupta,Hyderabad,Music,Engineer,C++,Flipkart,MBA,Photography,Kannada
Krishna Mishra,Hyderabad,Blockchain,Entrepreneur,Stock Trading,Google,B.Tech,Traveling,Marathi
Kunal Kulkarni,Chennai,Finance,Student,Data Analysis,None,B.Sc,Cricket,Hindi
Arjun Sharma,Mumbai,Blockchain,Designer,C++,Amazon,B.Com,Cricket,Hindi
Vivaan Bansal,Delhi,AI,Engineer,Machine Learning,Amazon,M.Tech,Traveling,Hindi
Diya Saxena,Pune,AI,Student,Marketing,None,MBA,Traveling,Kannada
Pooja Saxena,Bangalore,AI,Student,UI/UX,None,MBA,Reading,Kannada
Sara Sharma,Mumbai,ML,Engineer,Marketing,Amazon,PhD,Cricket,Hindi
Aarav Reddy,Delhi,Music,Designer,C++,Startup,M.Tech,Photography,Telugu
Aryan Desai,Hyderabad,Music,Engineer,Machine Learning,TCS,MBA,Reading,Tamil
Kunal Joshi,Hyderabad,Blockchain,Student,Python,None,B.Com,Cricket,Hindi
Ira Saxena,Bangalore,Coding,Entrepreneur,UI/UX,Startup,M.Tech,Photography,Marathi
Meera Nair,Pune,Gaming,Student,Cloud,None,B.Sc,Cricket,Kannada
Arjun Bansal,Hyderabad,ML,Trader,Python,Flipkart,MBA,Cricket,Telugu
Aryan Nair,Pune,Blockchain,Entrepreneur,Machine Learning,Infosys,MBA,Chess,Marathi
Myra Joshi,Pune,Coding,Entrepreneur,Marketing,TCS,MBA,Football,English
Myra Patel,Hyderabad,Blockchain,Student,C++,None,B.Tech,Chess,Hindi
Kunal Bansal,Mumbai,Sports,Entrepreneur,Marketing,Amazon,MBA,Traveling,Marathi
Anika Joshi,Mumbai,AI,Designer,Python,Startup,PhD,Football,Tamil
Vihaan Saxena,Bangalore,Blockchain,Trader,Cloud,Microsoft,B.Com,Cricket,Telugu
Sneha Joshi,Pune,Coding,Trader,Machine Learning,Infosys,PhD,Photography,Hindi
Vihaan Chopra,Hyderabad,Finance,Designer,C++,Microsoft,B.Sc,Cricket,Marathi
Pooja Mehta,Pune,Blockchain,Trader,Marketing,Google,MBA,Chess,Telugu
Arjun Chopra,Bangalore,Music,Engineer,UI/UX,Infosys,M.Tech,Chess,Telugu
Tara Kulkarni,Delhi,AI,Trader,Machine Learning,Flipkart,B.Sc,Football,Tamil
Aadhya Singh,Mumbai,Blockchain,Doctor,Marketing,Microsoft,M.Tech,Reading,Tamil
Vihaan Kulkarni,Pune,Finance,Trader,Cloud,Flipkart,B.Com,Chess,Tamil
Rohan Mishra,Hyderabad,Gaming,Entrepreneur,UI/UX,Google,B.Com,Traveling,Hindi
Aryan Saxena,Delhi,Finance,Trader,C++,Microsoft,M.Tech,Reading,Kannada
Meera Malhotra,Mumbai,Finance,Engineer,UI/UX,Startup,B.Sc,Cricket,Marathi
Vihaan Mehta,Mumbai,Sports,Designer,Stock Trading,TCS,B.Com,Cricket,English
Myra Chopra,Mumbai,Blockchain,Doctor,C++,Flipkart,MBA,Chess,Marathi
Myra Verma,Mumbai,Blockchain,Designer,Data Analysis,TCS,B.Com,Chess,Marathi
Ira Verma,Bangalore,Finance,Doctor,Machine Learning,Google,B.Sc,Cricket,Tamil
Myra Reddy,Hyderabad,Finance,Entrepreneur,Python,Infosys,B.Tech,Chess,Kannada
Pooja Mishra,Hyderabad,AI,Entrepreneur,Cloud,Flipkart,B.Sc,Chess,Telugu
Sneha Mehta,Mumbai,ML,Trader,Machine Learning,Flipkart,MBA,Traveling,Telugu
Tara Bansal,Chennai,Gaming,Engineer,Cloud,Google,B.Sc,Chess,Kannada
Dev Chopra,Delhi,Gaming,Student,C++,None,B.Com,Reading,English
Anika Iyer,Mumbai,Gaming,Doctor,Cloud,Google,PhD,Reading,Kannada
Sara Reddy,Hyderabad,Finance,Engineer,Cloud,Google,B.Tech,Cricket,Telugu
Krishna Kulkarni,Pune,ML,Designer,Stock Trading,TCS,B.Tech,Traveling,Tamil
Aryan Gupta,Mumbai,ML,Trader,C++,Infosys,MBA,Chess,Marathi
Anika Agarwal,Chennai,Gaming,Engineer,Cloud,Microsoft,B.Sc,Football,Telugu
Kabir Agarwal,Chennai,Finance,Doctor,Stock Trading,Microsoft,B.Com,Traveling,Hindi
Aarav Sharma,Bangalore,AI,Doctor,C++,Microsoft,M.Tech,Cricket,Hindi
Aryan Patel,Bangalore,AI,Doctor,Java,Google,MBA,Traveling,Tamil
Myra Bansal,Chennai,Sports,Student,C++,None,B.Sc,Football,English
Ishaan Desai,Hyderabad,Gaming,Trader,Data Analysis,Amazon,PhD,Traveling,English
Krishna Nair,Hyderabad,Finance,Entrepreneur,Cloud,Microsoft,MBA,Reading,English
Ishaan Saxena,Bangalore,AI,Engineer,Marketing,TCS,PhD,Reading,Tamil
Diya Chopra,Pune,Music,Doctor,Machine Learning,Infosys,PhD,Traveling,English
Pooja Gupta,Delhi,AI,Engineer,Marketing,Infosys,B.Com,Chess,English
Vivaan Sharma,Mumbai,Blockchain,Engineer,Data Analysis,Startup,MBA,Traveling,Telugu
Vihaan Nair,Pune,AI,Entrepreneur,Machine Learning,TCS,B.Tech,Chess,Tamil
Ira Malhotra,Delhi,Coding,Designer,Stock Trading,Microsoft,B.Com,Football,Tamil
Sara Nair,Pune,Music,Designer,Data Analysis,Amazon,M.Tech,Cricket,Kannada
Ira Desai,Mumbai,Music,Engineer,Marketing,Flipkart,B.Com,Traveling,Kannada
Myra Desai,Chennai,Sports,Designer,Python,Microsoft,B.Com,Football,Tamil
Myra Chopra,Bangalore,Music,Entrepreneur,UI/UX,Flipkart,B.Sc,Chess,Tamil
Myra Bansal,Hyderabad,Gaming,Designer,Java,Amazon,B.Tech,Traveling,Marathi
Sara Verma,Hyderabad,Sports,Trader,C++,Google,MBA,Reading,Hindi
Kunal Singh,Bangalore,Blockchain,Student,Python,None,B.Tech,Photography,Marathi
Aadhya Verma,Bangalore,Music,Designer,Stock Trading,Flipkart,M.Tech,Football,Hindi
Ira Bansal,Delhi,Coding,Student,UI/UX,None,M.Tech,Reading,Hindi
Anika Iyer,Pune,Sports,Doctor,Marketing,Google,B.Com,Reading,English
Ira Gupta,Bangalore,Coding,Doctor,Java,Flipkart,M.Tech,Reading,Hindi
Aditya Joshi,Mumbai,AI,Engineer,Marketing,Amazon,MBA,Football,Tamil
Riya Joshi,Hyderabad,Blockchain,Student,Cloud,None,B.Com,Chess,Hindi
Anika Nair,Mumbai,Music,Entrepreneur,Java,Google,B.Sc,Cricket,English
Meera Mehta,Chennai,Finance,Trader,Marketing,Amazon,B.Com,Reading,Telugu
Kunal Agarwal,Delhi,AI,Entrepreneur,Cloud,Startup,B.Tech,Photography,Tamil
Pooja Chopra,Delhi,Blockchain,Designer,Python,Amazon,B.Com,Chess,Kannada
Krishna Agarwal,Hyderabad,ML,Entrepreneur,Stock Trading,Amazon,PhD,Reading,Tamil
Kunal Desai,Chennai,ML,Trader,Machine Learning,Startup,M.Tech,Cricket,Marathi
Pooja Mehta,Chennai,Blockchain,Designer,Stock Trading,Flipkart,M.Tech,Football,Telugu
Vivaan Mehta,Bangalore,Blockchain,Designer,Java,Infosys,PhD,Photography,Tamil
Meera Kapoor,Hyderabad,Sports,Engineer,Python,Startup,B.Sc,Traveling,Telugu
Myra Kapoor,Bangalore,AI,Designer,Data Analysis,TCS,PhD,Cricket,English
Kabir Chopra,Mumbai,ML,Trader,Data Analysis,Google,PhD,Photography,Marathi
Arjun Iyer,Pune,Coding,Designer,Python,Microsoft,PhD,Traveling,English
Diya Mishra,Bangalore,Gaming,Student,Python,None,B.Sc,Photography,Marathi
Krishna Joshi,Hyderabad,Music,Trader,Machine Learning,TCS,PhD,Reading,Marathi
Sara Nair,Delhi,Finance,Student,Cloud,None,MBA,Cricket,Tamil
Sai Joshi,Pune,Sports,Trader,Machine Learning,TCS,M.Tech,Chess,English
Krishna Gupta,Mumbai,Coding,Engineer,C++,Google,MBA,Reading,Tamil
Sara Iyer,Mumbai,Gaming,Doctor,Stock Trading,Amazon,PhD,Cricket,English
Kabir Verma,Delhi,Sports,Designer,Python,Startup,B.Com,Reading,Kannada
Pooja Chopra,Delhi,Blockchain,Designer,Java,Flipkart,B.Sc,Football,Marathi
Aryan Verma,Mumbai,Sports,Doctor,C++,Amazon,M.Tech,Cricket,Tamil
Riya Saxena,Hyderabad,Finance,Doctor,Java,TCS,B.Com,Photography,Tamil
Ananya Desai,Mumbai,Music,Doctor,Python,Google,B.Tech,Traveling,Marathi
Vivaan Malhotra,Chennai,Coding,Student,Stock Trading,None,B.Tech,Cricket,Telugu
Kunal Kulkarni,Mumbai,Finance,Engineer,Python,Infosys,M.Tech,Football,Tamil
Myra Joshi,Hyderabad,Music,Entrepreneur,Python,Microsoft,M.Tech,Football,Kannada
Meera Gupta,Mumbai,Gaming,Entrepreneur,Python,Startup,PhD,Football,Hindi
Sai Agarwal,Chennai,ML,Doctor,Machine Learning,Microsoft,B.Com,Chess,Marathi
Aryan Nair,Pune,Coding,Entrepreneur,Cloud,Flipkart,PhD,Chess,Tamil
Riya Kapoor,Delhi,Coding,Student,Python,None,M.Tech,Cricket,Kannada
Sneha Desai,Delhi,Gaming,Student,Marketing,None,MBA,Reading,English
Diya Mishra,Mumbai,AI,Designer,Cloud,Flipkart,MBA,Cricket,Hindi
Aarav Mishra,Chennai,Gaming,Designer,Marketing,Google,B.Com,Cricket,Hindi
Ananya Iyer,Pune,Music,Designer,UI/UX,Infosys,B.Tech,Chess,Kannada
Riya Desai,Bangalore,Coding,Trader,C++,Google,MBA,Reading,Kannada
Meera Patel,Hyderabad,Coding,Doctor,Java,Google,B.Com,Cricket,English
Aadhya Iyer,Chennai,Finance,Trader,Data Analysis,TCS,B.Tech,Chess,Hindi
Aryan Kapoor,Chennai,Music,Trader,Java,Amazon,B.Sc,Reading,Tamil
Aadhya Desai,Chennai,Music,Doctor,UI/UX,Microsoft,MBA,Reading,Kannada
Aditya Mishra,Chennai,Finance,Doctor,C++,Amazon,PhD,Traveling,Marathi
Vivaan Agarwal,Bangalore,Sports,Doctor,C++,Microsoft,B.Tech,Football,Telugu
Ananya Nair,Delhi,Coding,Doctor,Java,Microsoft,B.Com,Traveling,Kannada
Ananya Kulkarni,Delhi,Coding,Doctor,Machine Learning,TCS,MBA,Traveling,Kannada
Sara Malhotra,Bangalore,Music,Entrepreneur,Java,Amazon,MBA,Photography,Marathi
Ira Iyer,Bangalore,Coding,Engineer,UI/UX,Startup,PhD,Cricket,Telugu
Anika Singh,Delhi,Blockchain,Designer,C++,Amazon,B.Com,Cricket,Telugu
Dev Bansal,Hyderabad,ML,Entrepreneur,UI/UX,Microsoft,B.Sc,Traveling,Kannada
Diya Iyer,Hyderabad,Sports,Trader,Marketing,Infosys,B.Sc,Chess,Tamil
Aditya Mehta,Mumbai,AI,Designer,Stock Trading,Google,B.Sc,Reading,Tamil
Meera Desai,Mumbai,Gaming,Entrepreneur,Data Analysis,Flipkart,B.Sc,Reading,Marathi
Riya Malhotra,Bangalore,ML,Engineer,Machine Learning,Google,MBA,Photography,Kannada
Ira Sharma,Mumbai,Music,Doctor,Cloud,Google,B.Com,Cricket,Tamil
Rohan Kulkarni,Bangalore,Finance,Designer,Data Analysis,Flipkart,B.Com,Reading,Tamil
Anika Nair,Bangalore,ML,Designer,Python,Startup,M.Tech,Photography,Kannada
Ishaan Patel,Chennai,ML,Engineer,Java,Google,B.Tech,Traveling,Telugu
Anika Malhotra,Hyderabad,Gaming,Student,UI/UX,None,M.Tech,Photography,Telugu
Anika Saxena,Mumbai,Sports,Trader,Marketing,Amazon,PhD,Reading,English
Anika Reddy,Pune,Music,Engineer,UI/UX,Flipkart,MBA,Reading,Telugu
Rohan Reddy,Delhi,Music,Entrepreneur,Stock Trading,Flipkart,B.Com,Traveling,English
Ananya Reddy,Bangalore,Gaming,Designer,UI/UX,Microsoft,B.Tech,Chess,Kannada
Riya Joshi,Pune,Coding,Engineer,Data Analysis,TCS,B.Tech,Cricket,Tamil
Riya Desai,Mumbai,ML,Trader,C++,Amazon,M.Tech,Photography,Tamil
Sai Mehta,Pune,AI,Designer,Python,Amazon,B.Com,Photography,Marathi
Aadhya Agarwal,Pune,Blockchain,Doctor,Data Analysis,Amazon,PhD,Cricket,Tamil
Vivaan Reddy,Mumbai,Gaming,Trader,UI/UX,Startup,B.Com,Football,Hindi
Aryan Agarwal,Pune,Coding,Designer,Cloud,Startup,B.Sc,Cricket,Telugu
Myra Kapoor,Mumbai,Finance,Doctor,Python,TCS,B.Tech,Traveling,Telugu
Arjun Verma,Mumbai,Gaming,Designer,Machine Learning,Microsoft,B.Sc,Photography,Telugu
Sai Iyer,Bangalore,Music,Trader,UI/UX,Microsoft,B.Com,Photography,English
Kabir Iyer,Delhi,AI,Student,Stock Trading,None,B.Sc,Chess,Telugu
Ira Bansal,Hyderabad,Coding,Student,Java,None,B.Tech,Cricket,English
Meera Patel,Mumbai,Blockchain,Doctor,Stock Trading,Flipkart,B.Com,Traveling,Marathi
Dev Verma,Chennai,Music,Student,Data Analysis,None,PhD,Football,English
Ishaan Singh,Delhi,Sports,Designer,Marketing,Microsoft,B.Tech,Reading,Marathi
Kunal Kapoor,Bangalore,Gaming,Doctor,Cloud,Flipkart,MBA,Traveling,Kannada
Riya Kulkarni,Bangalore,Finance,Entrepreneur,Stock Trading,Flipkart,M.Tech,Reading,Kannada
Aarav Agarwal,Delhi,AI,Trader,Python,TCS,PhD,Cricket,Tamil
Sara Mehta,Mumbai,Finance,Entrepreneur,Java,Startup,M.Tech,Traveling,Telugu
Kabir Nair,Bangalore,Sports,Designer,Data Analysis,TCS,B.Tech,Reading,Marathi
Aadhya Iyer,Chennai,Blockchain,Engineer,Python,Startup,M.Tech,Cricket,Kannada
Ananya Desai,Delhi,Sports,Engineer,Machine Learning,Infosys,B.Tech,Reading,Kannada
Ishaan Reddy,Pune,Coding,Entrepreneur,C++,Microsoft,PhD,Reading,Telugu
Arjun Kapoor,Bangalore,Sports,Doctor,Python,TCS,B.Sc,Traveling,English
Krishna Sharma,Mumbai,Music,Trader,Cloud,Flipkart,B.Tech,Cricket,Hindi
Aditya Malhotra,Mumbai,Coding,Engineer,UI/UX,Startup,B.Tech,Chess,Tamil
Aditya Singh,Hyderabad,Blockchain,Engineer,Stock Trading,Microsoft,M.Tech,Football,Hindi
Ira Mishra,Mumbai,Blockchain,Designer,Java,Infosys,MBA,Traveling,Tamil
Vivaan Nair,Pune,Music,Designer,Marketing,Flipkart,B.Sc,Cricket,Hindi
Meera Gupta,Bangalore,Gaming,Designer,C++,Infosys,B.Tech,Chess,Kannada
Dev Verma,Chennai,Sports,Engineer,Cloud,Infosys,B.Com,Cricket,Marathi
Aarav Iyer,Delhi,Blockchain,Designer,Stock Trading,Amazon,MBA,Traveling,Tamil
Aarav Sharma,Pune,ML,Trader,Python,Flipkart,MBA,Cricket,Marathi
Krishna Kulkarni,Mumbai,AI,Student,Python,None,MBA,Chess,Telugu
Aarav Kapoor,Hyderabad,Coding,Designer,UI/UX,Infosys,MBA,Traveling,English
Kabir Bansal,Chennai,Coding,Engineer,Cloud,TCS,MBA,Football,Kannada
Sneha Kapoor,Mumbai,Sports,Entrepreneur,Data Analysis,Amazon,B.Tech,Chess,English
Aditya Kapoor,Mumbai,AI,Engineer,Python,Startup,B.Sc,Chess,Hindi
Aadhya Sharma,Hyderabad,Music,Doctor,Data Analysis,Flipkart,PhD,Football,Marathi
Aryan Mehta,Hyderabad,ML,Student,Machine Learning,None,B.Com,Reading,Kannada
Krishna Singh,Mumbai,Finance,Trader,C++,Google,M.Tech,Football,Kannada
Ishaan Reddy,Bangalore,Coding,Entrepreneur,Stock Trading,Google,M.Tech,Football,Telugu
Meera Nair,Hyderabad,Sports,Doctor,Cloud,Flipkart,B.Sc,Chess,Hindi
Kabir Patel,Delhi,ML,Student,UI/UX,None,MBA,Chess,Tamil
Ira Patel,Bangalore,Coding,Designer,Python,TCS,B.Tech,Cricket,Tamil
Myra Mehta,Chennai,Blockchain,Student,Machine Learning,None,B.Sc,Cricket,Kannada
Aryan Saxena,Chennai,Sports,Doctor,Cloud,Flipkart,B.Tech,Football,Hindi
Vihaan Nair,Pune,Coding,Designer,Java,Flipkart,M.Tech,Photography,Telugu
Diya Saxena,Chennai,Blockchain,Entrepreneur,Data Analysis,Infosys,B.Sc,Chess,Marathi
Aarav Nair,Hyderabad,ML,Doctor,C++,Microsoft,B.Tech,Photography,Marathi
Tara Bansal,Pune,AI,Trader,Python,Startup,MBA,Football,Kannada
Dev Verma,Hyderabad,Blockchain,Doctor,UI/UX,Google,MBA,Chess,English
Ira Kapoor,Hyderabad,Finance,Entrepreneur,Machine Learning,Flipkart,PhD,Traveling,Hindi
Pooja Verma,Hyderabad,Finance,Doctor,UI/UX,TCS,B.Tech,Chess,English
Sneha Agarwal,Mumbai,Sports,Student,Java,None,B.Tech,Photography,Tamil
Sai Kapoor,Chennai,ML,Trader,Cloud,Infosys,B.Sc,Traveling,Tamil
Pooja Chopra,Delhi,Finance,Doctor,Python,Infosys,M.Tech,Chess,Telugu
Sai Singh,Chennai,Coding,Trader,C++,Infosys,MBA,Football,Marathi
Aadhya Sharma,Chennai,Coding,Student,Marketing,None,MBA,Traveling,Kannada
Riya Reddy,Hyderabad,Finance,Engineer,Python,Flipkart,B.Tech,Football,English
Rohan Kapoor,Delhi,Blockchain,Entrepreneur,C++,Amazon,M.Tech,Chess,Hindi
Vihaan Mehta,Delhi,Finance,Entrepreneur,Stock Trading,Microsoft,PhD,Football,Kannada
Aryan Saxena,Chennai,Sports,Engineer,Java,Amazon,M.Tech,Photography,Kannada
Ananya Joshi,Pune,Gaming,Student,Java,None,B.Sc,Reading,Telugu
Ananya Verma,Mumbai,Coding,Doctor,Data Analysis,Google,B.Com,Photography,Telugu
Vihaan Kulkarni,Delhi,Gaming,Doctor,Data Analysis,Google,B.Tech,Football,Marathi
Myra Nair,Hyderabad,Finance,Engineer,C++,TCS,MBA,Cricket,Marathi
Kabir Desai,Chennai,Sports,Entrepreneur,Machine Learning,Startup,MBA,Football,English
Krishna Desai,Hyderabad,AI,Designer,Machine Learning,Infosys,B.Tech,Chess,Telugu
Diya Iyer,Delhi,Coding,Designer,C++,Flipkart,PhD,Football,Telugu
Krishna Sharma,Chennai,ML,Engineer,UI/UX,Startup,B.Tech,Chess,Tamil
Ira Reddy,Pune,Coding,Designer,UI/UX,Startup,PhD,Traveling,Tamil
Dev Iyer,Chennai,Finance,Entrepreneur,Stock Trading,Flipkart,MBA,Reading,English
Aryan Desai,Hyderabad,Finance,Doctor,Java,Startup,B.Sc,Football,Tamil
Meera Iyer,Hyderabad,Blockchain,Student,Marketing,None,MBA,Reading,Hindi
Arjun Verma,Hyderabad,Coding,Student,Marketing,None,B.Tech,Reading,Marathi
Dev Chopra,Hyderabad,Music,Doctor,Marketing,Google,B.Tech,Football,English
Ishaan Patel,Chennai,Blockchain,Student,Data Analysis,None,B.Tech,Cricket,Hindi
Vivaan Kulkarni,Chennai,Music,Entrepreneur,C++,Infosys,PhD,Football,Telugu
Aryan Joshi,Bangalore,ML,Entrepreneur,Data Analysis,Amazon,PhD,Reading,Hindi
Aadhya Joshi,Chennai,Blockchain,Student,UI/UX,None,B.Sc,Photography,Hindi
Riya Kulkarni,Pune,Gaming,Entrepreneur,Cloud,Microsoft,M.Tech,Traveling,Marathi
Myra Nair,Chennai,Finance,Engineer,Java,Microsoft,B.Com,Chess,Hindi
Sara Patel,Chennai,Music,Entrepreneur,C++,Startup,B.Tech,Photography,Telugu
Diya Chopra,Chennai,Sports,Doctor,Stock Trading,Flipkart,M.Tech,Chess,Telugu
Kunal Desai,Chennai,ML,Trader,C++,Flipkart,B.Sc,Photography,Marathi
Sai Saxena,Delhi,Coding,Engineer,Data Analysis,TCS,PhD,Football,Tamil
Pooja Malhotra,Chennai,Gaming,Student,Machine Learning,None,B.Sc,Cricket,Kannada
Kunal Sharma,Mumbai,Sports,Engineer,UI/UX,Microsoft,M.Tech,Football,English
Diya Bansal,Bangalore,ML,Entrepreneur,Stock Trading,TCS,MBA,Photography,English
Meera Sharma,Pune,Gaming,Engineer,Java,TCS,B.Sc,Cricket,Tamil
Ira Chopra,Delhi,ML,Engineer,Python,Flipkart,B.Sc,Reading,Tamil
Aadhya Bansal,Mumbai,Sports,Student,C++,None,B.Com,Traveling,English
Tara Verma,Mumbai,AI,Entrepreneur,Java,Infosys,B.Com,Reading,Hindi
Kunal Sharma,Mumbai,ML,Doctor,Machine Learning,Google,B.Com,Photography,Kannada
Dev Verma,Hyderabad,Coding,Entrepreneur,Machine Learning,Amazon,B.Com,Reading,Tamil
Vihaan Gupta,Mumbai,ML,Entrepreneur,Python,Flipkart,B.Tech,Chess,Hindi
Aarav Agarwal,Pune,ML,Engineer,Python,Infosys,B.Sc,Football,Tamil
Krishna Mishra,Bangalore,AI,Engineer,Stock Trading,Amazon,MBA,Cricket,Tamil
Ishaan Desai,Pune,Sports,Engineer,Marketing,TCS,MBA,Photography,Hindi
Aryan Verma,Pune,Blockchain,Designer,Data Analysis,Startup,B.Sc,Football,Marathi
Meera Kulkarni,Hyderabad,Music,Engineer,Marketing,Flipkart,B.Sc,Photography,English
Sara Chopra,Chennai,Finance,Doctor,Python,TCS,PhD,Reading,Marathi
Aarav Kapoor,Mumbai,Blockchain,Student,Data Analysis,None,B.Sc,Reading,Marathi
Riya Mehta,Hyderabad,Blockchain,Designer,C++,Flipkart,M.Tech,Cricket,Marathi
Anika Patel,Chennai,Gaming,Trader,Cloud,Flipkart,B.Tech,Traveling,Marathi
Kunal Iyer,Chennai,Coding,Doctor,UI/UX,Microsoft,B.Sc,Football,Marathi
Sai Bansal,Hyderabad,Finance,Student,Machine Learning,None,B.Sc,Chess,Marathi
Aditya Desai,Hyderabad,Finance,Entrepreneur,Machine Learning,TCS,PhD,Chess,Marathi
Diya Saxena,Bangalore,Sports,Doctor,Marketing,Flipkart,PhD,Traveling,Hindi
Vihaan Malhotra,Chennai,Coding,Trader,Java,TCS,B.Tech,Reading,Telugu
Tara Nair,Chennai,AI,Designer,Java,Google,B.Sc,Reading,Hindi
Kunal Chopra,Chennai,Music,Engineer,Machine Learning,Flipkart,B.Sc,Football,Telugu
Arjun Sharma,Chennai,Sports,Engineer,Marketing,Infosys,B.Tech,Photography,Tamil
Aryan Verma,Mumbai,Finance,Designer,Data Analysis,Google,B.Com,Photography,English
Tara Chopra,Mumbai,Music,Student,UI/UX,None,B.Tech,Football,Telugu
Vihaan Kapoor,Mumbai,AI,Designer,Data Analysis,TCS,B.Sc,Traveling,English
Ananya Desai,Pune,Music,Designer,Marketing,Flipkart,B.Sc,Cricket,Tamil
Sara Verma,Delhi,Sports,Trader,Machine Learning,Google,MBA,Reading,Telugu
Ishaan Malhotra,Mumbai,Coding,Trader,Cloud,Google,MBA,Chess,Tamil
Ishaan Kulkarni,Bangalore,Gaming,Designer,Machine Learning,Flipkart,PhD,Chess,Telugu
Aditya Kulkarni,Hyderabad,Sports,Engineer,Machine Learning,Amazon,B.Tech,Chess,English
Sai Gupta,Delhi,Coding,Entrepreneur,Machine Learning,Flipkart,MBA,Football,Kannada
Kabir Joshi,Chennai,ML,Designer,Stock Trading,Amazon,B.Com,Reading,Tamil
Vivaan Malhotra,Hyderabad,ML,Doctor,Cloud,Infosys,B.Sc,Chess,Telugu
Aadhya Joshi,Mumbai,Blockchain,Student,Stock Trading,None,B.Com,Cricket,Tamil
Aditya Bansal,Hyderabad,Finance,Designer,Cloud,Google,B.Com,Reading,English
Sai Gupta,Pune,Blockchain,Student,Marketing,None,PhD,Chess,Tamil
Sai Agarwal,Bangalore,Sports,Student,Machine Learning,None,M.Tech,Chess,Tamil
Aarav Verma,Delhi,Sports,Student,Python,None,B.Com,Chess,Hindi
Aadhya Sharma,Chennai,Music,Student,Stock Trading,None,B.Sc,Chess,Tamil
Sneha Kulkarni,Pune,Sports,Engineer,Machine Learning,Startup,B.Tech,Cricket,Tamil
Sneha Malhotra,Pune,ML,Designer,Python,Microsoft,M.Tech,Cricket,Kannada
Kunal Reddy,Mumbai,Coding,Entrepreneur,Java,Amazon,PhD,Reading,English
Ananya Agarwal,Chennai,Music,Entrepreneur,Marketing,Infosys,B.Tech,Traveling,Hindi
Rohan Singh,Hyderabad,Coding,Entrepreneur,Python,Flipkart,B.Tech,Football,Hindi
Dev Mishra,Bangalore,AI,Doctor,Python,Infosys,MBA,Photography,English
Kunal Gupta,Mumbai,AI,Doctor,Stock Trading,Google,M.Tech,Reading,English
Krishna Agarwal,Delhi,Music,Engineer,UI/UX,Infosys,B.Com,Photography,Tamil
Ira Iyer,Chennai,Coding,Engineer,Cloud,Google,PhD,Photography,English
Rohan Patel,Delhi,Finance,Entrepreneur,Python,Infosys,MBA,Chess,Kannada
Dev Iyer,Chennai,Finance,Trader,Python,Google,PhD,Photography,Hindi
Ishaan Malhotra,Hyderabad,Gaming,Doctor,C++,Infosys,B.Com,Cricket,Tamil
Aarav Bansal,Hyderabad,Sports,Doctor,Data Analysis,Flipkart,B.Sc,Cricket,Hindi
Ishaan Mishra,Chennai,Music,Doctor,Cloud,Amazon,B.Sc,Traveling,Marathi
Anika Mehta,Bangalore,Gaming,Engineer,Data Analysis,TCS,B.Com,Photography,Tamil
Vihaan Iyer,Chennai,Music,Designer,Marketing,Startup,M.Tech,Photography,Kannada
Rohan Patel,Hyderabad,AI,Entrepreneur,Machine Learning,Flipkart,B.Sc,Traveling,Telugu
Diya Sharma,Pune,Coding,Engineer,Cloud,Microsoft,B.Com,Chess,Hindi
Pooja Iyer,Pune,Coding,Engineer,Python,TCS,PhD,Traveling,Marathi
Tara Reddy,Bangalore,Coding,Engineer,Java,Google,M.Tech,Cricket,Telugu
Sneha Verma,Pune,Music,Student,UI/UX,None,PhD,Cricket,Telugu
Aditya Nair,Delhi,Finance,Entrepreneur,UI/UX,Flipkart,PhD,Reading,Telugu
Riya Kulkarni,Chennai,Sports,Trader,UI/UX,Startup,B.Com,Traveling,English
Riya Agarwal,Delhi,ML,Engineer,Machine Learning,Flipkart,PhD,Chess,Marathi
